Date,Open,High,Low,Close,Volume,Dividends,Stock Splits
2015-01-01 00:00:00-05:00,69.0,71.9990005493164,63.02000045776367,66.6500015258789,14625400,0.0,0.0
2015-01-08 00:00:00-05:00,67.94999694824219,69.69000244140625,63.11000061035156,64.58999633789062,6912500,0.0,0.0
2015-01-15 00:00:00-05:00,64.2300033569336,70.80000305175781,63.599998474121094,68.83999633789062,5187500,0.0,0.0
2015-01-22 00:00:00-05:00,69.54000091552734,78.05000305175781,67.02999877929688,75.5,8891000,0.0,0.0
2015-01-29 00:00:00-05:00,72.69999694824219,75.87999725341797,66.76000213623047,68.33000183105469,11659800,0.0,0.0
2015-02-05 00:00:00-05:00,67.66000366210938,68.7300033569336,63.16999816894531,64.75,6591100,0.0,0.0
2015-02-12 00:00:00-05:00,65.62999725341797,70.2699966430664,65.0,67.54000091552734,5059900,0.0,0.0
2015-02-19 00:00:00-05:00,67.0,69.3499984741211,64.04000091552734,67.20999908447266,6243300,0.0,0.0
2015-02-26 00:00:00-05:00,68.0,73.25,67.88999938964844,72.0199966430664,7550600,0.0,0.0
2015-03-05 00:00:00-05:00,72.19999694824219,75.44999694824219,71.73999786376953,72.94999694824219,6091500,0.0,0.0
2015-03-12 00:00:00-04:00,73.33999633789062,80.80000305175781,71.80000305175781,79.95999908447266,7476300,0.0,0.0
2015-03-19 00:00:00-04:00,81.5199966430664,85.62799835205078,75.5199966430664,77.12999725341797,14148700,0.0,0.0
2015-03-26 00:00:00-04:00,73.5,81.4000015258789,72.0999984741211,78.80000305175781,10898300,0.0,0.0
2015-04-02 00:00:00-04:00,79.19999694824219,79.19999694824219,72.51000213623047,72.83999633789062,7576500,0.0,0.0
2015-04-09 00:00:00-04:00,72.70999908447266,75.93000030517578,69.30000305175781,70.91000366210938,8114900,0.0,0.0
2015-04-16 00:00:00-04:00,70.80000305175781,74.54000091552734,68.61000061035156,74.4800033569336,5867600,0.0,0.0
2015-04-23 00:00:00-04:00,73.93000030517578,73.94999694824219,65.44200134277344,68.6500015258789,7304800,0.0,0.0
2015-04-30 00:00:00-04:00,68.47000122070312,70.5,65.80000305175781,69.05999755859375,8626200,0.0,0.0
2015-05-07 00:00:00-04:00,77.62999725341797,78.0,73.20999908447266,74.95999908447266,10596300,0.0,0.0
2015-05-14 00:00:00-04:00,75.16999816894531,81.98999786376953,75.04000091552734,81.1500015258789,8793500,0.0,0.0
2015-05-21 00:00:00-04:00,81.1500015258789,86.75,79.79000091552734,86.4000015258789,9956100,0.0,0.0
2015-05-28 00:00:00-04:00,86.20999908447266,86.33000183105469,79.0,81.55000305175781,11257700,0.0,0.0
2015-06-04 00:00:00-04:00,80.68000030517578,83.8499984741211,77.5999984741211,82.5,14101400,0.0,0.0
2015-06-11 00:00:00-04:00,82.48999786376953,85.06999969482422,81.6510009765625,84.55999755859375,38518200,0.0,0.0
2015-06-18 00:00:00-04:00,84.62999725341797,88.3499984741211,83.62300109863281,84.58999633789062,11468000,0.0,0.0
2015-06-25 00:00:00-04:00,84.75,85.86000061035156,77.83000183105469,80.36000061035156,28474400,0.0,0.0
2015-07-02 00:00:00-04:00,80.72000122070312,81.93499755859375,74.36000061035156,74.68000030517578,9630600,0.0,0.0
2015-07-09 00:00:00-04:00,76.30000305175781,79.0999984741211,73.70999908447266,77.87999725341797,7872000,0.0,0.0
2015-07-16 00:00:00-04:00,78.06999969482422,80.79000091552734,71.01000213623047,74.16999816894531,9984100,0.0,0.0
2015-07-23 00:00:00-04:00,74.70999908447266,77.22000122070312,68.5,70.47000122070312,9589700,0.0,0.0
2015-07-30 00:00:00-04:00,60.650001525878906,62.347999572753906,54.25,54.83000183105469,28364400,0.0,0.0
2015-08-06 00:00:00-04:00,54.72999954223633,57.599998474121094,50.79999923706055,56.959999084472656,12895500,0.0,0.0
2015-08-13 00:00:00-04:00,57.22999954223633,59.68000030517578,55.0099983215332,55.59000015258789,10682300,0.0,0.0
2015-08-20 00:00:00-04:00,54.61000061035156,55.35499954223633,45.0,52.75,15088800,0.0,0.0
2015-08-27 00:00:00-04:00,54.130001068115234,56.279998779296875,53.119998931884766,54.81999969482422,10615900,0.0,0.0
2015-09-03 00:00:00-04:00,55.0,59.45000076293945,54.720001220703125,56.54999923706055,7104500,0.0,0.0
2015-09-10 00:00:00-04:00,56.97999954223633,57.15999984741211,51.29999923706055,51.7400016784668,9490600,0.0,0.0
2015-09-17 00:00:00-04:00,51.4900016784668,52.65999984741211,47.189998626708984,48.060001373291016,9631700,0.0,0.0
2015-09-24 00:00:00-04:00,47.65999984741211,49.150001525878906,42.72999954223633,45.04999923706055,10133400,0.0,0.0
2015-10-01 00:00:00-04:00,44.459999084472656,45.86000061035156,42.2400016784668,45.54999923706055,8224200,0.0,0.0
2015-10-08 00:00:00-04:00,45.25,46.970001220703125,43.68000030517578,46.5,7367800,0.0,0.0
2015-10-15 00:00:00-04:00,47.060001373291016,48.900001525878906,46.290000915527344,48.5,6254300,0.0,0.0
2015-10-22 00:00:00-04:00,49.25,51.625,44.5,45.16999816894531,8726500,0.0,0.0
2015-10-29 00:00:00-04:00,43.900001525878906,47.04999923706055,43.4900016784668,46.56999969482422,8899500,0.0,0.0
2015-11-05 00:00:00-05:00,46.790000915527344,55.83000183105469,44.349998474121094,52.20000076293945,13327600,0.0,0.0
2015-11-12 00:00:00-05:00,51.7400016784668,56.9640007019043,50.095001220703125,56.34000015258789,11132200,0.0,0.0
2015-11-19 00:00:00-05:00,56.54999923706055,58.2400016784668,54.060001373291016,57.34000015258789,9420100,0.0,0.0
2015-11-26 00:00:00-05:00,57.43000030517578,59.790000915527344,56.5099983215332,58.47999954223633,6566100,0.0,0.0
2015-12-03 00:00:00-05:00,59.29999923706055,60.0,54.86199951171875,56.150001525878906,6224500,0.0,0.0
2015-12-10 00:00:00-05:00,56.20000076293945,57.970001220703125,50.209999084472656,53.22999954223633,8719500,0.0,0.0
2015-12-17 00:00:00-05:00,53.470001220703125,54.790000915527344,50.13999938964844,54.40999984741211,6335100,0.0,0.0
2015-12-24 00:00:00-05:00,54.290000915527344,54.86000061035156,51.400001525878906,51.65999984741211,3570900,0.0,0.0
2015-12-31 00:00:00-05:00,51.40999984741211,51.83000183105469,44.15999984741211,44.619998931884766,7340500,0.0,0.0
2016-01-07 00:00:00-05:00,44.5,47.11000061035156,38.900001525878906,40.38999938964844,20597400,0.0,0.0
2016-01-14 00:00:00-05:00,40.560001373291016,40.63999938964844,35.15999984741211,37.04999923706055,9654000,0.0,0.0
2016-01-21 00:00:00-05:00,37.45000076293945,41.150001525878906,36.599998474121094,37.02000045776367,9351500,0.0,0.0
2016-01-28 00:00:00-05:00,37.09000015258789,40.54999923706055,35.52000045776367,37.060001373291016,8787900,0.0,0.0
2016-02-04 00:00:00-05:00,37.38999938964844,38.939998626708984,34.599998474121094,35.36000061035156,11914200,0.0,0.0
2016-02-11 00:00:00-05:00,34.540000915527344,44.720001220703125,33.29999923706055,41.59000015258789,10479600,0.0,0.0
2016-02-18 00:00:00-05:00,41.599998474121094,43.0,39.91999816894531,42.16999816894531,9158600,0.0,0.0
2016-02-25 00:00:00-05:00,42.310001373291016,48.290000915527344,41.43000030517578,47.650001525878906,10384300,0.0,0.0
2016-03-03 00:00:00-05:00,47.72999954223633,50.81999969482422,46.22999954223633,48.18000030517578,10368800,0.0,0.0
2016-03-10 00:00:00-05:00,48.20000076293945,50.16999816894531,46.68000030517578,48.9900016784668,6865400,0.0,0.0
2016-03-17 00:00:00-04:00,48.689998626708984,51.849998474121094,48.2400016784668,49.52000045776367,6973500,0.0,0.0
2016-03-24 00:00:00-04:00,49.22999954223633,51.95000076293945,48.209999084472656,51.22999954223633,4462100,0.0,0.0
2016-03-31 00:00:00-04:00,51.0099983215332,51.27000045776367,48.435001373291016,50.5,4961800,0.0,0.0
2016-04-07 00:00:00-04:00,49.849998474121094,50.4900016784668,47.15999984741211,50.040000915527344,5608400,0.0,0.0
2016-04-14 00:00:00-04:00,49.40999984741211,49.900001525878906,44.57600021362305,45.939998626708984,7711700,0.0,0.0
2016-04-21 00:00:00-04:00,45.86000061035156,47.380001068115234,44.29999923706055,46.619998931884766,6163600,0.0,0.0
2016-04-28 00:00:00-04:00,46.22999954223633,46.880001068115234,43.790000915527344,44.5099983215332,8530000,0.0,0.0
2016-05-05 00:00:00-04:00,47.900001525878906,48.95000076293945,45.02000045776367,45.9900016784668,9304800,0.0,0.0
2016-05-12 00:00:00-04:00,46.189998626708984,47.68000030517578,44.52000045776367,47.220001220703125,7548800,0.0,0.0
2016-05-19 00:00:00-04:00,46.709999084472656,51.560001373291016,46.369998931884766,50.650001525878906,7288300,0.0,0.0
2016-05-26 00:00:00-04:00,50.72999954223633,52.34000015258789,49.79999923706055,52.13999938964844,4612400,0.0,0.0
2016-06-02 00:00:00-04:00,52.0,56.13999938964844,51.9900016784668,56.040000915527344,8326600,0.0,0.0
2016-06-09 00:00:00-04:00,56.0099983215332,56.5,53.400001525878906,54.939998626708984,8341900,0.0,0.0
2016-06-16 00:00:00-04:00,54.209999084472656,57.04499816894531,53.5,55.63999938964844,6433600,0.0,0.0
2016-06-23 00:00:00-04:00,56.150001525878906,58.29999923706055,50.25,54.650001525878906,10736600,0.0,0.0
2016-06-30 00:00:00-04:00,54.790000915527344,55.2599983215332,50.45000076293945,52.56999969482422,5749100,0.0,0.0
2016-07-07 00:00:00-04:00,53.459999084472656,58.68000030517578,53.45000076293945,56.66999816894531,6360100,0.0,0.0
2016-07-14 00:00:00-04:00,57.540000915527344,61.16999816894531,57.060001373291016,60.79999923706055,5755600,0.0,0.0
2016-07-21 00:00:00-04:00,61.22999954223633,64.80000305175781,58.470001220703125,63.0099983215332,9629500,0.0,0.0
2016-07-28 00:00:00-04:00,63.0,64.4800033569336,54.04999923706055,55.119998931884766,17047200,0.0,0.0
2016-08-04 00:00:00-04:00,55.470001220703125,55.5,52.459999084472656,54.13999938964844,12570000,0.0,0.0
2016-08-11 00:00:00-04:00,54.4900016784668,56.45000076293945,54.130001068115234,54.560001373291016,7145700,0.0,0.0
2016-08-18 00:00:00-04:00,54.720001220703125,57.91899871826172,54.56999969482422,57.310001373291016,7247800,0.0,0.0
2016-08-25 00:00:00-04:00,57.130001068115234,58.529998779296875,56.70000076293945,57.43000030517578,6746400,0.0,0.0
2016-09-01 00:00:00-04:00,57.459999084472656,58.33000183105469,54.959999084472656,55.93000030517578,6838900,0.0,0.0
2016-09-08 00:00:00-04:00,55.709999084472656,56.099998474121094,51.189998626708984,55.11000061035156,11236500,0.0,0.0
2016-09-15 00:00:00-04:00,55.369998931884766,56.86000061035156,54.619998931884766,56.06999969482422,9690600,0.0,0.0
2016-09-22 00:00:00-04:00,56.369998931884766,56.970001220703125,53.29999923706055,54.619998931884766,5245200,0.0,0.0
2016-09-29 00:00:00-04:00,54.29999923706055,56.209999084472656,52.81999969482422,54.5,9004000,0.0,0.0
2016-10-06 00:00:00-04:00,54.720001220703125,57.22800064086914,53.849998474121094,55.209999084472656,5939100,0.0,0.0
2016-10-13 00:00:00-04:00,54.790000915527344,54.994998931884766,52.599998474121094,54.349998474121094,4662700,0.0,0.0
2016-10-20 00:00:00-04:00,54.369998931884766,57.4900016784668,53.80400085449219,56.650001525878906,5736600,0.0,0.0
2016-10-27 00:00:00-04:00,57.08000183105469,57.290000915527344,54.099998474121094,56.060001373291016,6079900,0.0,0.0
2016-11-03 00:00:00-04:00,56.029998779296875,57.68000030517578,48.279998779296875,51.779998779296875,22554000,0.0,0.0
2016-11-10 00:00:00-05:00,51.790000915527344,54.810001373291016,50.750999450683594,54.400001525878906,8323300,0.0,0.0
2016-11-17 00:00:00-05:00,54.56999969482422,55.92599868774414,54.20000076293945,54.61000061035156,5012300,0.0,0.0
2016-11-24 00:00:00-05:00,54.58000183105469,55.68000030517578,53.25,53.40999984741211,3536700,0.0,0.0
2016-12-01 00:00:00-05:00,53.40999984741211,55.470001220703125,49.529998779296875,55.13999938964844,7665700,0.0,0.0
2016-12-08 00:00:00-05:00,55.0,59.119998931884766,53.41999816894531,53.59000015258789,7856900,0.0,0.0
2016-12-15 00:00:00-05:00,54.0,56.380001068115234,53.45000076293945,54.9900016784668,6397200,0.0,0.0
2016-12-22 00:00:00-05:00,55.459999084472656,56.150001525878906,54.0099983215332,54.70000076293945,3595200,0.0,0.0
2016-12-29 00:00:00-05:00,54.470001220703125,54.566001892089844,52.04999923706055,54.5099983215332,5551100,0.0,0.0
2017-01-05 00:00:00-05:00,54.040000915527344,56.86000061035156,52.810001373291016,56.79999923706055,6618800,0.0,0.0
2017-01-12 00:00:00-05:00,56.060001373291016,59.290000915527344,55.369998931884766,59.16999816894531,6855100,0.0,0.0
2017-01-19 00:00:00-05:00,59.189998626708984,64.08000183105469,58.11000061035156,64.04000091552734,12127100,0.0,0.0
2017-01-26 00:00:00-05:00,63.70000076293945,65.97000122070312,62.79999923706055,64.55000305175781,12485600,0.0,0.0
2017-02-02 00:00:00-05:00,61.34000015258789,66.25,61.119998931884766,66.19999694824219,12059200,0.0,0.0
2017-02-09 00:00:00-05:00,66.12999725341797,67.41000366210938,65.56999969482422,67.16999816894531,5175900,0.0,0.0
2017-02-16 00:00:00-05:00,67.26000213623047,68.66000366210938,65.86000061035156,67.55000305175781,6428700,0.0,0.0
2017-02-23 00:00:00-05:00,68.0199966430664,68.30000305175781,64.18000030517578,67.8499984741211,6854200,0.0,0.0
2017-03-02 00:00:00-05:00,68.01000213623047,68.05000305175781,65.55999755859375,66.4000015258789,6752300,0.0,0.0
2017-03-09 00:00:00-05:00,66.29000091552734,69.12000274658203,65.5,68.94999694824219,5621500,0.0,0.0
2017-03-16 00:00:00-04:00,68.70999908447266,69.04000091552734,64.79000091552734,66.52999877929688,8671500,0.0,0.0
2017-03-23 00:00:00-04:00,66.44999694824219,68.83999633789062,66.16999816894531,67.8499984741211,4943800,0.0,0.0
2017-03-30 00:00:00-04:00,68.01000213623047,69.87000274658203,67.05999755859375,68.5999984741211,7058000,0.0,0.0
2017-04-06 00:00:00-04:00,68.52999877929688,72.41999816894531,68.23999786376953,68.76000213623047,9667600,0.0,0.0
2017-04-13 00:00:00-04:00,68.37999725341797,71.19000244140625,68.11499786376953,69.98999786376953,4923900,0.0,0.0
2017-04-20 00:00:00-04:00,70.61000061035156,71.7699966430664,70.0,70.97000122070312,5339700,0.0,0.0
2017-04-27 00:00:00-04:00,71.30000305175781,71.6500015258789,67.30000305175781,68.05000305175781,8945000,0.0,0.0
2017-05-04 00:00:00-04:00,66.87000274658203,69.9800033569336,65.38999938964844,66.79000091552734,10609700,0.0,0.0
2017-05-11 00:00:00-04:00,66.51000213623047,74.91999816894531,65.83999633789062,72.54000091552734,13728600,0.0,0.0
2017-05-18 00:00:00-04:00,72.16000366210938,79.19999694824219,71.75,78.38999938964844,12047800,0.0,0.0
2017-05-25 00:00:00-04:00,78.6500015258789,79.33899688720703,77.19999694824219,77.94999694824219,6545300,0.0,0.0
2017-06-01 00:00:00-04:00,78.06999969482422,79.11000061035156,76.33999633789062,77.66999816894531,6507200,0.0,0.0
2017-06-08 00:00:00-04:00,77.62999725341797,78.98999786376953,70.87999725341797,72.12999725341797,8987500,0.0,0.0
2017-06-15 00:00:00-04:00,70.75,72.83000183105469,70.27999877929688,71.18000030517578,8536900,0.0,0.0
2017-06-22 00:00:00-04:00,71.0999984741211,71.12000274658203,63.805999755859375,65.94999694824219,11955200,0.0,0.0
2017-06-29 00:00:00-04:00,65.56999969482422,65.75,62.68000030517578,65.0199966430664,6615400,0.0,0.0
2017-07-06 00:00:00-04:00,64.08000183105469,67.80999755859375,63.59000015258789,67.47000122070312,9294900,0.0,0.0
2017-07-13 00:00:00-04:00,67.30000305175781,68.08000183105469,66.16000366210938,67.63999938964844,5976000,0.0,0.0
2017-07-20 00:00:00-04:00,67.72000122070312,70.2699966430664,67.04000091552734,69.54000091552734,6230900,0.0,0.0
2017-07-27 00:00:00-04:00,69.62000274658203,69.66000366210938,66.62999725341797,66.86000061035156,7922500,0.0,0.0
2017-08-03 00:00:00-04:00,66.30000305175781,69.80000305175781,64.69999694824219,69.05999755859375,7025600,0.0,0.0
2017-08-10 00:00:00-04:00,68.63999938964844,72.47000122070312,66.83000183105469,72.41999816894531,6752500,0.0,0.0
2017-08-17 00:00:00-04:00,72.11000061035156,72.73500061035156,68.5199966430664,70.66999816894531,5061400,0.0,0.0
2017-08-24 00:00:00-04:00,70.98999786376953,73.16999816894531,69.30999755859375,73.12000274658203,3729000,0.0,0.0
2017-08-31 00:00:00-04:00,73.19000244140625,74.2300033569336,72.03500366210938,73.31999969482422,3109800,0.0,0.0
2017-09-07 00:00:00-04:00,73.41000366210938,75.70999908447266,71.44000244140625,73.01000213623047,4931600,0.0,0.0
2017-09-14 00:00:00-04:00,72.55999755859375,76.47000122070312,69.93000030517578,70.31999969482422,5954300,0.0,0.0
2017-09-21 00:00:00-04:00,70.20999908447266,71.56999969482422,67.697998046875,70.25,6776900,0.0,0.0
2017-09-28 00:00:00-04:00,70.25,72.16999816894531,69.22000122070312,72.16000366210938,3776800,0.0,0.0
2017-10-05 00:00:00-04:00,72.23999786376953,73.0,71.01000213623047,72.94000244140625,3611100,0.0,0.0
2017-10-12 00:00:00-04:00,72.72000122070312,73.19000244140625,70.91000366210938,72.0199966430664,4436100,0.0,0.0
2017-10-19 00:00:00-04:00,71.5,73.38999938964844,69.12000274658203,71.77999877929688,6220300,0.0,0.0
2017-10-26 00:00:00-04:00,72.12999725341797,77.05500030517578,71.19999694824219,74.45999908447266,6822800,0.0,0.0
2017-11-02 00:00:00-04:00,71.7300033569336,80.94000244140625,71.19000244140625,80.81999969482422,12084200,0.0,0.0
2017-11-09 00:00:00-05:00,80.4800033569336,81.19999694824219,76.33000183105469,76.68000030517578,5310200,0.0,0.0
2017-11-16 00:00:00-05:00,77.05000305175781,80.83999633789062,76.68000030517578,79.61000061035156,4340900,0.0,0.0
2017-11-23 00:00:00-05:00,79.75,80.6500015258789,75.2699966430664,76.69000244140625,3767100,0.0,0.0
2017-11-30 00:00:00-05:00,76.88999938964844,77.48999786376953,67.52999877929688,70.0999984741211,11024900,0.0,0.0
2017-12-07 00:00:00-05:00,71.52999877929688,71.55999755859375,66.5199966430664,67.29000091552734,9052300,0.0,0.0
2017-12-14 00:00:00-05:00,67.19999694824219,67.5199966430664,64.72000122070312,67.06999969482422,9704200,0.0,0.0
2017-12-21 00:00:00-05:00,67.25,68.20999908447266,64.52999877929688,67.26000213623047,4186200,0.0,0.0
2017-12-28 00:00:00-05:00,67.51000213623047,70.00800323486328,66.08000183105469,68.38999938964844,4463600,0.0,0.0
2018-01-04 00:00:00-05:00,68.69000244140625,69.97000122070312,67.29000091552734,67.73999786376953,7498600,0.0,0.0
2018-01-11 00:00:00-05:00,68.0,71.61000061035156,67.66999816894531,70.8499984741211,4858200,0.0,0.0
2018-01-18 00:00:00-05:00,70.83999633789062,71.98999786376953,65.55999755859375,66.9000015258789,12138000,0.0,0.0
2018-01-25 00:00:00-05:00,67.45999908447266,75.08000183105469,65.72000122070312,71.7699966430664,16186600,0.0,0.0
2018-02-01 00:00:00-05:00,79.31999969482422,85.23999786376953,74.11000061035156,78.08999633789062,26986200,0.0,0.0
2018-02-08 00:00:00-05:00,78.08999633789062,80.62000274658203,75.5,78.81999969482422,10601000,0.0,0.0
2018-02-15 00:00:00-05:00,78.97000122070312,80.87999725341797,77.29000091552734,79.94999694824219,6844600,0.0,0.0
2018-02-22 00:00:00-05:00,80.16999816894531,82.27999877929688,78.12000274658203,80.70999908447266,5868400,0.0,0.0
2018-03-01 00:00:00-05:00,80.83000183105469,84.30000305175781,77.87000274658203,83.31999969482422,7888000,0.0,0.0
2018-03-08 00:00:00-05:00,83.5,86.83999633789062,81.25,82.22000122070312,7848300,0.0,0.0
2018-03-15 00:00:00-04:00,79.4800033569336,81.62000274658203,73.5199966430664,74.18000030517578,18438500,0.0,0.0
2018-03-22 00:00:00-04:00,73.43000030517578,74.43000030517578,68.12999725341797,68.54000091552734,10194500,0.0,0.0
2018-03-29 00:00:00-04:00,69.12000274658203,71.58999633789062,67.80999755859375,71.51000213623047,5143000,0.0,0.0
2018-04-05 00:00:00-04:00,71.66000366210938,72.81999969482422,69.33000183105469,72.19999694824219,6171400,0.0,0.0
2018-04-12 00:00:00-04:00,72.72000122070312,73.83000183105469,71.22000122070312,73.12000274658203,5151900,0.0,0.0
2018-04-19 00:00:00-04:00,71.4000015258789,71.7699966430664,67.13999938964844,67.66000366210938,10493400,0.0,0.0
2018-04-26 00:00:00-04:00,68.43000030517578,74.69000244140625,66.30000305175781,74.23999786376953,11074400,0.0,0.0
2018-05-03 00:00:00-04:00,74.02999877929688,81.41000366210938,70.77999877929688,80.20999908447266,11152400,0.0,0.0
2018-05-10 00:00:00-04:00,80.79000091552734,83.41999816894531,79.45999908447266,81.05000305175781,5526400,0.0,0.0
2018-05-17 00:00:00-04:00,79.16500091552734,82.29000091552734,78.75,81.30000305175781,6086000,0.0,0.0
2018-05-24 00:00:00-04:00,81.31999969482422,82.08499908447266,78.9800033569336,80.93000030517578,5162700,0.0,0.0
2018-05-31 00:00:00-04:00,80.80999755859375,82.25,79.16000366210938,80.08999633789062,6184300,0.0,0.0
2018-06-07 00:00:00-04:00,79.94999694824219,82.11000061035156,78.41999816894531,80.4000015258789,6059400,0.0,0.0
2018-06-14 00:00:00-04:00,80.83999633789062,86.5,80.5,83.45999908447266,9373400,0.0,0.0
2018-06-21 00:00:00-04:00,83.83000183105469,83.83000183105469,79.41100311279297,79.88999938964844,4816400,0.0,0.0
2018-06-28 00:00:00-04:00,79.62000274658203,81.3499984741211,77.0,77.44000244140625,3227300,0.0,0.0
2018-07-05 00:00:00-04:00,79.51000213623047,83.41000366210938,78.60600280761719,80.26000213623047,5179400,0.0,0.0
2018-07-12 00:00:00-04:00,80.47000122070312,83.5,80.05000305175781,82.4000015258789,4136500,0.0,0.0
2018-07-19 00:00:00-04:00,82.36000061035156,85.23999786376953,79.5999984741211,81.25,5963100,0.0,0.0
2018-07-26 00:00:00-04:00,81.22000122070312,83.30000305175781,79.94999694824219,82.18000030517578,6125800,0.0,0.0
2018-08-02 00:00:00-04:00,79.0,86.49600219726562,79.0,85.55000305175781,6137900,0.0,0.0
2018-08-09 00:00:00-04:00,85.0,86.04000091552734,81.11000061035156,81.94999694824219,6370100,0.0,0.0
2018-08-16 00:00:00-04:00,82.5999984741211,82.5999984741211,78.12000274658203,80.62000274658203,6844800,0.0,0.0
2018-08-23 00:00:00-04:00,80.26000213623047,80.79000091552734,78.97000122070312,80.29000091552734,4422500,0.0,0.0
2018-08-30 00:00:00-04:00,80.04000091552734,80.83999633789062,79.20999908447266,79.68000030517578,3531100,0.0,0.0
2018-09-06 00:00:00-04:00,79.55000305175781,79.93000030517578,71.53700256347656,73.45999908447266,7708300,0.0,0.0
2018-09-13 00:00:00-04:00,74.55000305175781,77.13999938964844,73.66999816894531,76.80999755859375,5547600,0.0,0.0
2018-09-20 00:00:00-04:00,77.55000305175781,79.29000091552734,74.62999725341797,75.05999755859375,6556600,0.0,0.0
2018-09-27 00:00:00-04:00,75.12000274658203,78.69000244140625,74.06999969482422,76.25,5222700,0.0,0.0
2018-10-04 00:00:00-04:00,76.0999984741211,76.44999694824219,70.13999938964844,70.29000091552734,6266000,0.0,0.0
2018-10-11 00:00:00-04:00,70.16000366210938,76.13999938964844,70.05999755859375,75.41999816894531,5103100,0.0,0.0
2018-10-18 00:00:00-04:00,75.0199966430664,75.06999969482422,68.0,68.18000030517578,4455700,0.0,0.0
2018-10-25 00:00:00-04:00,69.08000183105469,74.69000244140625,68.30000305175781,73.51000213623047,8344700,0.0,0.0
2018-11-01 00:00:00-04:00,75.04000091552734,78.88500213623047,66.79000091552734,70.27999877929688,9984200,0.0,0.0
2018-11-08 00:00:00-05:00,69.9000015258789,71.19000244140625,61.0,62.880001068115234,13466000,0.0,0.0
2018-11-15 00:00:00-05:00,62.90999984741211,66.83000183105469,61.29999923706055,63.58000183105469,9210200,0.0,0.0
2018-11-22 00:00:00-05:00,63.2599983215332,67.12999725341797,63.2599983215332,67.0199966430664,3472200,0.0,0.0
2018-11-29 00:00:00-05:00,66.55999755859375,68.52999877929688,64.04000091552734,64.16000366210938,5646900,0.0,0.0
2018-12-06 00:00:00-05:00,61.849998474121094,63.380001068115234,58.90999984741211,60.63999938964844,7479400,0.0,0.0
2018-12-13 00:00:00-05:00,61.25,62.959999084472656,59.33000183105469,59.63999938964844,6063400,0.0,0.0
2018-12-20 00:00:00-05:00,59.810001373291016,61.029998779296875,56.33000183105469,60.02000045776367,5963300,0.0,0.0
2018-12-27 00:00:00-05:00,59.33000183105469,62.220001220703125,58.2400016784668,61.18000030517578,3634300,0.0,0.0
2019-01-03 00:00:00-05:00,57.95000076293945,61.7400016784668,54.73500061035156,60.45000076293945,9426100,0.0,0.0
2019-01-10 00:00:00-05:00,61.0099983215332,64.5199966430664,60.119998931884766,61.40999984741211,7346400,0.0,0.0
2019-01-17 00:00:00-05:00,60.88999938964844,63.56999969482422,60.0,61.90999984741211,3421400,0.0,0.0
2019-01-24 00:00:00-05:00,62.27000045776367,66.30000305175781,62.27000045776367,65.52999877929688,5195200,0.0,0.0
2019-01-31 00:00:00-05:00,65.47000122070312,70.68499755859375,64.58000183105469,68.62999725341797,5447300,0.0,0.0
2019-02-07 00:00:00-05:00,67.77999877929688,68.27999877929688,59.560001373291016,64.9000015258789,9822400,0.0,0.0
2019-02-14 00:00:00-05:00,64.69000244140625,66.16000366210938,64.33999633789062,65.86000061035156,6600300,0.0,0.0
2019-02-21 00:00:00-05:00,66.0,69.91000366210938,65.23999786376953,69.3499984741211,7031400,0.0,0.0
2019-02-28 00:00:00-05:00,68.87000274658203,71.23999786376953,68.87000274658203,69.06999969482422,5390300,0.0,0.0
2019-03-07 00:00:00-05:00,68.73999786376953,69.75,66.94000244140625,69.08999633789062,4891300,0.0,0.0
2019-03-14 00:00:00-04:00,69.22000122070312,70.87999725341797,68.56999969482422,69.12000274658203,5055900,0.0,0.0
2019-03-21 00:00:00-04:00,70.95999908447266,74.62000274658203,69.63999938964844,70.56999969482422,5940900,0.0,0.0
2019-03-28 00:00:00-04:00,70.58000183105469,75.54000091552734,69.51000213623047,74.41000366210938,4649600,0.0,0.0
2019-04-04 00:00:00-04:00,74.3499984741211,76.72000122070312,73.57499694824219,76.2300033569336,4450800,0.0,0.0
2019-04-11 00:00:00-04:00,76.41999816894531,78.9800033569336,75.9000015258789,76.55999755859375,6471900,0.0,0.0
2019-04-18 00:00:00-04:00,76.63999938964844,78.51000213623047,75.95500183105469,77.25,5087100,0.0,0.0
2019-04-25 00:00:00-04:00,77.20999908447266,77.81300354003906,72.55000305175781,75.58000183105469,7474300,0.0,0.0
2019-05-02 00:00:00-04:00,75.52999877929688,78.66999816894531,72.61000061035156,76.18000030517578,10695000,0.0,0.0
2019-05-09 00:00:00-04:00,75.37999725341797,75.37999725341797,70.4800033569336,73.3499984741211,8418400,0.0,0.0
2019-05-16 00:00:00-04:00,69.6500015258789,70.0,59.470001220703125,60.20000076293945,16479600,0.0,0.0
2019-05-23 00:00:00-04:00,59.279998779296875,62.91999816894531,58.52000045776367,62.08000183105469,9758700,0.0,0.0
2019-05-30 00:00:00-04:00,62.18000030517578,65.0,60.77000045776367,63.439998626708984,7015500,0.0,0.0
2019-06-06 00:00:00-04:00,62.220001220703125,66.0,62.060001373291016,62.779998779296875,7171200,0.0,0.0
2019-06-13 00:00:00-04:00,63.0,66.05999755859375,60.369998931884766,65.58999633789062,5095200,0.0,0.0
2019-06-20 00:00:00-04:00,66.81999969482422,66.81999969482422,63.400001525878906,65.63999938964844,6938500,0.0,0.0
2019-06-27 00:00:00-04:00,66.38999938964844,72.70999908447266,66.36000061035156,68.98999786376953,7636500,0.0,0.0
2019-07-04 00:00:00-04:00,68.55000305175781,70.5,68.08999633789062,69.33999633789062,3167800,0.0,0.0
2019-07-11 00:00:00-04:00,69.63999938964844,71.27999877929688,68.73999786376953,70.5199966430664,5364300,0.0,0.0
2019-07-18 00:00:00-04:00,71.0,75.80000305175781,70.1500015258789,75.33000183105469,5490100,0.0,0.0
2019-07-25 00:00:00-04:00,75.0,75.83999633789062,73.05000305175781,73.29000091552734,5215100,0.0,0.0
2019-08-01 00:00:00-04:00,73.0,75.47000122070312,67.7300033569336,70.7699966430664,10141600,0.0,0.0
2019-08-08 00:00:00-04:00,71.0,72.36000061035156,68.8550033569336,69.77999877929688,6175900,0.0,0.0
2019-08-15 00:00:00-04:00,69.93000030517578,75.18000030517578,69.80000305175781,74.69000244140625,5658100,0.0,0.0
2019-08-22 00:00:00-04:00,74.8499984741211,75.66000366210938,68.69999694824219,69.56999969482422,6895500,0.0,0.0
2019-08-29 00:00:00-04:00,70.76000213623047,72.38999938964844,68.94000244140625,72.37000274658203,4405800,0.0,0.0
2019-09-05 00:00:00-04:00,73.58999633789062,77.47000122070312,73.56999969482422,76.2699966430664,5916700,0.0,0.0
2019-09-12 00:00:00-04:00,77.05999755859375,78.68499755859375,75.43000030517578,76.69999694824219,5589700,0.0,0.0
2019-09-19 00:00:00-04:00,76.5,78.0,75.11000061035156,76.93000030517578,5544600,0.0,0.0
2019-09-26 00:00:00-04:00,75.47000122070312,76.26000213623047,70.86000061035156,71.37000274658203,4375100,0.0,0.0
2019-10-03 00:00:00-04:00,71.38999938964844,75.19000244140625,70.69999694824219,73.29000091552734,5118100,0.0,0.0
2019-10-10 00:00:00-04:00,75.5,79.9800033569336,75.12000274658203,79.06999969482422,6392500,0.0,0.0
2019-10-17 00:00:00-04:00,80.08000183105469,80.69999694824219,76.9749984741211,78.68000030517578,4454000,0.0,0.0
2019-10-24 00:00:00-04:00,79.80000305175781,80.9000015258789,78.45999908447266,79.8499984741211,4215200,0.0,0.0
2019-10-31 00:00:00-04:00,79.97000122070312,102.30999755859375,78.79000091552734,101.4000015258789,22455800,0.0,0.0
2019-11-07 00:00:00-05:00,102.0,104.22000122070312,99.45999908447266,103.88999938964844,11611000,0.0,0.0
2019-11-14 00:00:00-05:00,103.55999755859375,104.87999725341797,101.7300033569336,101.88999938964844,5791200,0.0,0.0
2019-11-21 00:00:00-05:00,102.01000213623047,106.375,100.72000122070312,105.02999877929688,5947400,0.0,0.0
2019-11-28 00:00:00-05:00,104.18000030517578,105.8499984741211,100.31999969482422,104.02999877929688,5395000,0.0,0.0
2019-12-05 00:00:00-05:00,104.47000122070312,114.52999877929688,104.25,113.83999633789062,8987200,0.0,0.0
2019-12-12 00:00:00-05:00,112.79000091552734,116.80999755859375,112.54000091552734,115.29000091552734,9974800,0.0,0.0
2019-12-19 00:00:00-05:00,115.2699966430664,118.3550033569336,114.44000244140625,117.95999908447266,5988400,0.0,0.0
2019-12-26 00:00:00-05:00,117.88999938964844,118.48999786376953,115.25,116.2300033569336,2683200,0.0,0.0
2020-01-02 00:00:00-05:00,117.26000213623047,117.4000015258789,109.4000015258789,112.91999816894531,11160300,0.0,0.0
2020-01-09 00:00:00-05:00,113.93000030517578,117.4990005493164,110.79000091552734,112.5,9123400,0.0,0.0
2020-01-16 00:00:00-05:00,113.41999816894531,118.2300033569336,112.81999969482422,116.33000183105469,5103000,0.0,0.0
2020-01-23 00:00:00-05:00,116.47000122070312,118.77999877929688,108.52999877929688,112.56999969482422,10057600,0.0,0.0
2020-01-30 00:00:00-05:00,121.61000061035156,122.36499786376953,105.12000274658203,111.31999969482422,15015600,0.0,0.0
2020-02-06 00:00:00-05:00,111.4000015258789,112.2699966430664,102.87999725341797,111.7300033569336,9302600,0.0,0.0
2020-02-13 00:00:00-05:00,110.1500015258789,111.36000061035156,102.51000213623047,104.23999786376953,7174700,0.0,0.0
2020-02-20 00:00:00-05:00,103.93000030517578,104.0,93.30999755859375,96.12999725341797,11878700,0.0,0.0
2020-02-27 00:00:00-05:00,93.23999786376953,104.93000030517578,91.18000030517578,102.37999725341797,15537700,0.0,0.0
2020-03-05 00:00:00-05:00,99.95999908447266,100.75,87.04000091552734,89.2699966430664,11505300,0.0,0.0
2020-03-12 00:00:00-04:00,83.12000274658203,85.7699966430664,70.29000091552734,73.0199966430664,13191700,0.0,0.0
2020-03-19 00:00:00-04:00,72.26000213623047,82.36499786376953,67.54000091552734,77.73999786376953,9041600,0.0,0.0
2020-03-26 00:00:00-04:00,79.38999938964844,85.05699920654297,73.63300323486328,74.58000183105469,8354600,0.0,0.0
2020-04-02 00:00:00-04:00,73.9800033569336,88.08999633789062,72.93000030517578,87.0199966430664,10430800,0.0,0.0
2020-04-09 00:00:00-04:00,88.26000213623047,90.0999984741211,81.66999816894531,84.55999755859375,7867300,0.0,0.0
2020-04-16 00:00:00-04:00,85.73999786376953,89.45999908447266,80.80000305175781,86.58000183105469,7965400,0.0,0.0
2020-04-23 00:00:00-04:00,86.58000183105469,99.66000366210938,85.5250015258789,99.38999938964844,7232900,0.0,0.0
2020-04-30 00:00:00-04:00,98.18000030517578,101.6050033569336,91.75,98.30000305175781,10122600,0.0,0.0
2020-05-07 00:00:00-04:00,101.13999938964844,108.77999877929688,95.83999633789062,97.33000183105469,11364400,0.0,0.0
2020-05-14 00:00:00-04:00,95.83999633789062,103.4000015258789,93.30999755859375,103.33000183105469,7305400,0.0,0.0
2020-05-21 00:00:00-04:00,103.12000274658203,105.8499984741211,98.06999969482422,105.68000030517578,5559500,0.0,0.0
2020-05-28 00:00:00-04:00,104.8499984741211,115.19999694824219,100.11000061035156,112.98999786376953,8554500,0.0,0.0
2020-06-04 00:00:00-04:00,112.81999969482422,118.94000244140625,112.2699966430664,114.87000274658203,6874200,0.0,0.0
2020-06-11 00:00:00-04:00,110.70999908447266,116.20999908447266,105.61000061035156,112.63999938964844,6894500,0.0,0.0
2020-06-18 00:00:00-04:00,112.5,113.87999725341797,107.5,108.5199966430664,5977400,0.0,0.0
2020-06-25 00:00:00-04:00,108.62999725341797,111.02999877929688,104.56999969482422,108.26000213623047,5200100,0.0,0.0
2020-07-02 00:00:00-04:00,109.1500015258789,115.48999786376953,109.1500015258789,113.02999877929688,3664800,0.0,0.0
2020-07-09 00:00:00-04:00,113.0,116.37000274658203,107.69000244140625,112.83999633789062,4925000,0.0,0.0
2020-07-16 00:00:00-04:00,111.93000030517578,118.61000061035156,110.27999877929688,118.43000030517578,5272800,0.0,0.0
2020-07-23 00:00:00-04:00,118.86000061035156,121.54000091552734,111.30999755859375,115.27999877929688,9741200,0.0,0.0
2020-07-30 00:00:00-04:00,121.11000061035156,134.39999389648438,121.11000061035156,133.6199951171875,12163100,0.0,0.0
2020-08-06 00:00:00-04:00,133.02999877929688,136.05799865722656,127.16000366210938,131.42999267578125,5793900,0.0,0.0
2020-08-13 00:00:00-04:00,132.02999877929688,135.3000030517578,130.14500427246094,132.4600067138672,5286000,0.0,0.0
2020-08-20 00:00:00-04:00,130.6300048828125,133.1300048828125,129.4499969482422,131.50999450683594,4235100,0.0,0.0
2020-08-27 00:00:00-04:00,131.47000122070312,135.88999938964844,126.37000274658203,134.6699981689453,5097400,0.0,0.0
2020-09-03 00:00:00-04:00,131.80999755859375,132.27999877929688,112.02999877929688,122.70999908447266,9756500,0.0,0.0
2020-09-10 00:00:00-04:00,124.05000305175781,131.80999755859375,120.5,128.8300018310547,6931400,0.0,0.0
2020-09-17 00:00:00-04:00,125.19999694824219,131.41000366210938,124.37000274658203,125.7699966430664,6559500,0.0,0.0
2020-09-24 00:00:00-04:00,125.26000213623047,132.6199951171875,123.08000183105469,129.00999450683594,5653500,0.0,0.0
2020-10-01 00:00:00-04:00,132.0850067138672,135.6300048828125,130.48800659179688,134.63999938964844,6160600,0.0,0.0
2020-10-08 00:00:00-04:00,136.10000610351562,140.69000244140625,133.97000122070312,135.14999389648438,5473300,0.0,0.0
2020-10-15 00:00:00-04:00,132.41000366210938,138.6699981689453,131.11000061035156,135.25999450683594,4133700,0.0,0.0
2020-10-22 00:00:00-04:00,135.4199981689453,138.17999267578125,124.55999755859375,124.95999908447266,4014400,0.0,0.0
2020-10-29 00:00:00-04:00,125.38999938964844,134.27000427246094,125.0199966430664,133.74000549316406,5660700,0.0,0.0
2020-11-05 00:00:00-05:00,139.0,154.42999267578125,138.0,148.25,9080800,0.0,0.0
2020-11-12 00:00:00-05:00,148.60000610351562,151.2100067138672,144.27999877929688,144.3699951171875,3980700,0.0,0.0
2020-11-19 00:00:00-05:00,143.63999938964844,152.60000610351562,141.8000030517578,148.24000549316406,5739900,0.0,0.0
2020-11-26 00:00:00-05:00,150.22000122070312,161.3800048828125,148.86000061035156,159.5500030517578,5188000,0.0,0.0
2020-12-03 00:00:00-05:00,160.6699981689453,170.9010009765625,158.85000610351562,160.3800048828125,5504500,0.0,0.0
2020-12-10 00:00:00-05:00,159.4600067138672,162.5,151.44000244140625,159.0,6880800,0.0,0.0
2020-12-17 00:00:00-05:00,160.38999938964844,169.1060028076172,157.41000366210938,165.10000610351562,8082600,0.0,0.0
2020-12-24 00:00:00-05:00,166.0399932861328,170.5,162.58700561523438,167.3699951171875,3026600,0.0,0.0
2020-12-31 00:00:00-05:00,168.8699951171875,174.27000427246094,162.11399841308594,172.0,4507200,0.0,0.0
2021-01-07 00:00:00-05:00,174.6999969482422,186.13999938964844,174.64999389648438,180.07000732421875,4590500,0.0,0.0
2021-01-14 00:00:00-05:00,180.9199981689453,191.8249969482422,176.33999633789062,186.02999877929688,3924400,0.0,0.0
2021-01-21 00:00:00-05:00,188.4199981689453,188.86000061035156,163.02000427246094,165.63999938964844,5253200,0.0,0.0
2021-01-28 00:00:00-05:00,168.39999389648438,186.24000549316406,166.89999389648438,175.9499969482422,11647200,0.0,0.0
2021-02-04 00:00:00-05:00,166.0,172.197998046875,163.25,168.1699981689453,12704400,0.0,0.0
2021-02-11 00:00:00-05:00,169.89999389648438,180.74000549316406,168.80999755859375,174.61000061035156,5606300,0.0,0.0
2021-02-18 00:00:00-05:00,172.36000061035156,180.22999572753906,164.27000427246094,179.14999389648438,7247400,0.0,0.0
2021-02-25 00:00:00-05:00,175.81500244140625,182.75,167.69000244140625,171.66000366210938,7077100,0.0,0.0
2021-03-04 00:00:00-05:00,171.4199981689453,173.25999450683594,160.05999755859375,165.3699951171875,7708700,0.0,0.0
2021-03-11 00:00:00-05:00,173.44000244140625,185.86000061035156,169.1300048828125,184.5399932861328,5929700,0.0,0.0
2021-03-18 00:00:00-04:00,180.5,185.2899932861328,171.6300048828125,171.7899932861328,5300800,0.0,0.0
2021-03-25 00:00:00-04:00,169.8699951171875,185.5,166.75,182.6999969482422,4414300,0.0,0.0
2021-04-01 00:00:00-04:00,185.49099731445312,199.94000244140625,185.49099731445312,193.69000244140625,5363200,0.0,0.0
2021-04-08 00:00:00-04:00,196.22000122070312,197.02000427246094,188.3000030517578,189.85000610351562,4230800,0.0,0.0
2021-04-15 00:00:00-04:00,192.39999389648438,195.7899932861328,180.72999572753906,189.2100067138672,4658300,0.0,0.0
2021-04-22 00:00:00-04:00,190.81399536132812,201.5,185.86000061035156,197.0500030517578,3843200,0.0,0.0
2021-04-29 00:00:00-04:00,200.75999450683594,201.67999267578125,177.28500366210938,182.55999755859375,6290600,0.0,0.0
2021-05-06 00:00:00-04:00,183.5,188.32000732421875,164.10000610351562,165.35000610351562,11802000,0.0,0.0
2021-05-13 00:00:00-04:00,167.29800415039062,174.42999267578125,165.14999389648438,174.14999389648438,5578500,0.0,0.0
2021-05-20 00:00:00-04:00,174.63999938964844,182.97000122070312,174.57000732421875,179.47000122070312,5079700,0.0,0.0
2021-05-27 00:00:00-04:00,178.16000366210938,187.3800048828125,176.55999755859375,185.30999755859375,4619200,0.0,0.0
2021-06-03 00:00:00-04:00,182.08999633789062,187.05999755859375,180.5800018310547,181.5500030517578,4714100,0.0,0.0
2021-06-10 00:00:00-04:00,182.38999938964844,186.25999450683594,180.01499938964844,181.7100067138672,3401100,0.0,0.0
2021-06-17 00:00:00-04:00,181.1199951171875,183.5,173.16000366210938,177.8800048828125,5253800,0.0,0.0
2021-06-24 00:00:00-04:00,179.5800018310547,198.9499969482422,179.5800018310547,195.64999389648438,5779300,0.0,0.0
2021-07-01 00:00:00-04:00,196.38999938964844,197.32000732421875,188.78500366210938,192.0,3371300,0.0,0.0
2021-07-08 00:00:00-04:00,187.02999877929688,199.55999755859375,185.3300018310547,192.4199981689453,4097800,0.0,0.0
2021-07-15 00:00:00-04:00,193.2100067138672,194.11500549316406,182.5,194.07000732421875,3657500,0.0,0.0
2021-07-22 00:00:00-04:00,193.22999572753906,193.72999572753906,183.19500732421875,190.33999633789062,3252600,0.0,0.0
2021-07-29 00:00:00-04:00,190.9199981689453,197.24000549316406,186.74000549316406,193.8800048828125,4865800,0.0,0.0
2021-08-05 00:00:00-04:00,197.5,201.4600067138672,187.3000030517578,189.72999572753906,4358700,0.0,0.0
2021-08-12 00:00:00-04:00,189.6199951171875,189.6199951171875,179.5399932861328,179.82000732421875,3198400,0.0,0.0
2021-08-19 00:00:00-04:00,178.3000030517578,187.07000732421875,177.60000610351562,185.6199951171875,3512000,0.0,0.0
2021-08-26 00:00:00-04:00,185.6199951171875,192.9199981689453,184.5,186.05999755859375,3479900,0.0,0.0
2021-09-02 00:00:00-04:00,186.72000122070312,188.02999877929688,176.2899932861328,178.75999450683594,3834100,0.0,0.0
2021-09-09 00:00:00-04:00,178.77000427246094,183.5500030517578,178.36500549316406,179.91000366210938,4227300,0.0,0.0
2021-09-16 00:00:00-04:00,178.6300048828125,181.3300018310547,167.88999938964844,173.3300018310547,5781900,0.0,0.0
2021-09-23 00:00:00-04:00,174.2100067138672,176.9199981689453,169.80999755859375,169.91000366210938,4443400,0.0,0.0
2021-09-30 00:00:00-04:00,170.5500030517578,172.25,163.2550048828125,164.83999633789062,5794800,0.0,0.0
2021-10-07 00:00:00-04:00,166.6999969482422,169.49000549316406,158.74000549316406,160.0500030517578,5018400,0.0,0.0
2021-10-14 00:00:00-04:00,162.5,170.13999938964844,162.16000366210938,169.50999450683594,4260800,0.0,0.0
2021-10-21 00:00:00-04:00,169.3000030517578,171.5500030517578,164.6999969482422,165.27000427246094,3604700,0.0,0.0
2021-10-28 00:00:00-04:00,166.39999389648438,178.5,166.24000549316406,178.1199951171875,5791400,0.0,0.0
2021-11-04 00:00:00-04:00,159.7469940185547,161.94000244140625,152.25,154.27999877929688,14336400,0.0,0.0
2021-11-11 00:00:00-05:00,155.97999572753906,161.75999450683594,154.25999450683594,157.94000244140625,6266300,0.0,0.0
2021-11-18 00:00:00-05:00,159.1300048828125,159.2899932861328,147.4499969482422,152.6199951171875,6294900,0.0,0.0
2021-11-25 00:00:00-05:00,149.64999389648438,151.94400024414062,145.38999938964844,146.10000610351562,5809400,0.0,0.0
2021-12-02 00:00:00-05:00,143.6199951171875,163.9499969482422,142.1699981689453,161.3699951171875,8357200,0.0,0.0
2021-12-09 00:00:00-05:00,160.61000061035156,163.78900146484375,145.49000549316406,152.8800048828125,7119700,0.0,0.0
2021-12-16 00:00:00-05:00,153.60000610351562,153.77999877929688,143.88499450683594,151.41000366210938,7555100,0.0,0.0
2021-12-23 00:00:00-05:00,152.0,157.88999938964844,151.11000061035156,156.91000366210938,3387700,0.0,0.0
2021-12-30 00:00:00-05:00,157.08999633789062,163.1199951171875,155.30999755859375,157.24000549316406,5129400,0.0,0.0
2022-01-06 00:00:00-05:00,158.4199981689453,161.27999877929688,147.0,152.83999633789062,5598300,0.0,0.0
2022-01-13 00:00:00-05:00,151.9499969482422,153.75,141.66000366210938,141.69000244140625,5502400,0.0,0.0
2022-01-20 00:00:00-05:00,142.64999389648438,143.42999267578125,129.47000122070312,133.63999938964844,7702600,0.0,0.0
2022-01-27 00:00:00-05:00,134.6999969482422,144.30999755859375,123.91999816894531,143.5500030517578,8681500,0.0,0.0
2022-02-03 00:00:00-05:00,133.6699981689453,139.6999969482422,125.625,136.72000122070312,10410500,0.0,0.0
2022-02-10 00:00:00-05:00,133.52000427246094,138.97999572753906,126.3499984741211,136.8000030517578,8157200,0.0,0.0
2022-02-17 00:00:00-05:00,134.6199951171875,136.4600067138672,128.3300018310547,130.14999389648438,5415600,0.0,0.0
2022-02-24 00:00:00-05:00,125.3499984741211,139.35000610351562,125.0,137.1199951171875,6843300,0.0,0.0
2022-03-03 00:00:00-05:00,134.99000549316406,136.91000366210938,122.87999725341797,129.36000061035156,6966700,0.0,0.0
2022-03-10 00:00:00-05:00,127.06999969482422,128.4499969482422,117.02999877929688,127.16999816894531,6336400,0.0,0.0
2022-03-17 00:00:00-04:00,125.83000183105469,131.41000366210938,124.79000091552734,125.66000366210938,5775700,0.0,0.0
2022-03-24 00:00:00-04:00,127.3499984741211,132.72999572753906,124.4000015258789,127.43000030517578,6004400,0.0,0.0
2022-03-31 00:00:00-04:00,127.52999877929688,128.3699951171875,114.1500015258789,115.08000183105469,6697800,0.0,0.0
2022-04-07 00:00:00-04:00,114.62000274658203,118.94000244140625,111.73999786376953,116.11000061035156,6311400,0.0,0.0
2022-04-14 00:00:00-04:00,116.77999877929688,119.46600341796875,112.12000274658203,115.7699966430664,3126100,0.0,0.0
2022-04-21 00:00:00-04:00,117.88999938964844,119.30000305175781,108.30999755859375,110.2699966430664,4962700,0.0,0.0
2022-04-28 00:00:00-04:00,112.93000030517578,121.2699966430664,111.33499908447266,119.33999633789062,8307000,0.0,0.0
2022-05-05 00:00:00-04:00,113.25,113.93000030517578,100.66000366210938,100.87999725341797,9612400,0.0,0.0
2022-05-12 00:00:00-04:00,99.83000183105469,108.6500015258789,98.2300033569336,104.63999938964844,7500300,0.0,0.0
2022-05-19 00:00:00-04:00,104.01000213623047,109.93000030517578,101.0199966430664,104.37999725341797,8224600,0.0,0.0
2022-05-26 00:00:00-04:00,103.73999786376953,113.16999816894531,103.33999633789062,109.58999633789062,6344900,0.0,0.0
2022-06-02 00:00:00-04:00,109.18000030517578,113.36000061035156,108.19999694824219,109.37999725341797,5544800,0.0,0.0
2022-06-09 00:00:00-04:00,108.12000274658203,109.40599822998047,93.69000244140625,98.5199966430664,7420100,0.0,0.0
2022-06-16 00:00:00-04:00,95.26000213623047,98.0999984741211,91.91000366210938,95.25,7239700,0.0,0.0
2022-06-23 00:00:00-04:00,96.05999755859375,102.04499816894531,93.0999984741211,95.80999755859375,6991400,0.0,0.0
2022-06-30 00:00:00-04:00,94.66999816894531,99.1500015258789,90.16000366210938,97.94000244140625,5611100,0.0,0.0
2022-07-07 00:00:00-04:00,99.8499984741211,101.3949966430664,95.3499984741211,97.45999908447266,5650800,0.0,0.0
2022-07-14 00:00:00-04:00,97.38999938964844,105.76000213623047,94.91999816894531,105.56999969482422,6748800,0.0,0.0
2022-07-21 00:00:00-04:00,105.88999938964844,107.20999908447266,99.69999694824219,104.0999984741211,5306600,0.0,0.0
2022-07-28 00:00:00-04:00,104.16999816894531,107.33999633789062,100.80000305175781,106.87000274658203,7074400,0.0,0.0
2022-08-04 00:00:00-04:00,99.5999984741211,110.54000091552734,96.80000305175781,109.01000213623047,10375000,0.0,0.0
2022-08-11 00:00:00-04:00,110.0,112.33000183105469,103.83000183105469,105.41999816894531,4664700,0.0,0.0
2022-08-18 00:00:00-04:00,105.20999908447266,108.16000366210938,97.38500213623047,98.05999755859375,4262100,0.0,0.0
2022-08-25 00:00:00-04:00,98.08000183105469,102.80000305175781,89.06999969482422,89.77999877929688,5591100,0.0,0.0
2022-09-01 00:00:00-04:00,88.08999633789062,92.55999755859375,87.05000305175781,90.05999755859375,4773500,0.0,0.0
2022-09-08 00:00:00-04:00,90.18499755859375,94.9800033569336,84.87999725341797,85.94000244140625,6687200,0.0,0.0
2022-09-15 00:00:00-04:00,85.41999816894531,88.41999816894531,83.9010009765625,84.47000122070312,7988900,0.0,0.0
2022-09-22 00:00:00-04:00,84.12000274658203,84.23999786376953,80.47000122070312,82.66999816894531,6827500,0.0,0.0
2022-09-29 00:00:00-04:00,81.31999969482422,88.02999877929688,79.36000061035156,87.3499984741211,7939600,0.0,0.0
2022-10-06 00:00:00-04:00,87.2300033569336,88.08000183105469,77.46499633789062,78.33999633789062,7370200,0.0,0.0
2022-10-13 00:00:00-04:00,75.94999694824219,84.33999633789062,75.37999725341797,81.77999877929688,6093200,0.0,0.0
2022-10-20 00:00:00-04:00,82.16000366210938,87.7300033569336,81.27999877929688,85.41999816894531,5261200,0.0,0.0
2022-10-27 00:00:00-04:00,86.18000030517578,89.80999755859375,84.4800033569336,84.4800033569336,6714100,0.0,0.0
2022-11-03 00:00:00-04:00,80.0,89.7699966430664,79.7509994506836,84.9000015258789,8686100,0.0,0.0
2022-11-10 00:00:00-05:00,89.4000015258789,100.04499816894531,89.4000015258789,92.83000183105469,7481600,0.0,0.0
2022-11-17 00:00:00-05:00,91.16000366210938,99.59300231933594,91.16000366210938,97.58000183105469,5681300,0.0,0.0
2022-11-24 00:00:00-05:00,97.30000305175781,99.30000305175781,93.18000030517578,99.25,4176300,0.0,0.0
2022-12-01 00:00:00-05:00,100.0,100.16500091552734,93.83000183105469,95.41999816894531,4562300,0.0,0.0
2022-12-08 00:00:00-05:00,96.16000366210938,104.44000244140625,95.5199966430664,100.94000244140625,5471000,0.0,0.0
2022-12-15 00:00:00-05:00,99.08999633789062,99.44999694824219,90.69000244140625,93.16999816894531,8719200,0.0,0.0
2022-12-22 00:00:00-05:00,91.1500015258789,91.3499984741211,86.98999786376953,87.79000091552734,4375700,0.0,0.0
2022-12-29 00:00:00-05:00,88.98999786376953,92.6500015258789,87.8759994506836,91.0,4457100,0.0,0.0
2023-01-05 00:00:00-05:00,90.19999694824219,99.0999984741211,89.55999755859375,99.05000305175781,5594800,0.0,0.0
2023-01-12 00:00:00-05:00,99.69000244140625,104.72000122070312,97.94000244140625,100.97000122070312,4435200,0.0,0.0
2023-01-19 00:00:00-05:00,100.02999877929688,110.37999725341797,98.27999877929688,110.11000061035156,6539000,0.0,0.0
2023-01-26 00:00:00-05:00,111.41000366210938,114.58699798583984,106.62999725341797,113.52999877929688,8066300,0.0,0.0
2023-02-02 00:00:00-05:00,110.41000366210938,110.41000366210938,102.01000213623047,105.87000274658203,11891300,0.0,0.0
2023-02-09 00:00:00-05:00,107.12000274658203,108.61000061035156,102.62000274658203,105.2699966430664,5724600,0.0,0.0
2023-02-16 00:00:00-05:00,104.0199966430664,106.04499816894531,99.58999633789062,100.20999908447266,4388300,0.0,0.0
2023-02-23 00:00:00-05:00,102.61000061035156,103.88200378417969,99.26000213623047,100.44999694824219,5890700,0.0,0.0
2023-03-02 00:00:00-05:00,99.02999877929688,103.37999725341797,98.19000244140625,101.33000183105469,6499800,0.0,0.0
2023-03-09 00:00:00-05:00,100.83000183105469,102.08499908447266,92.37999725341797,94.06999969482422,6660800,0.0,0.0
2023-03-16 00:00:00-04:00,93.5,103.08000183105469,93.5,99.47000122070312,6256900,0.0,0.0
2023-03-23 00:00:00-04:00,100.98999786376953,104.02999877929688,96.0999984741211,100.19000244140625,5492800,0.0,0.0
2023-03-30 00:00:00-04:00,101.18000030517578,101.79000091552734,94.55999755859375,95.0,5525500,0.0,0.0
2023-04-06 00:00:00-04:00,94.12999725341797,95.91000366210938,93.25,93.5199966430664,5238100,0.0,0.0
2023-04-13 00:00:00-04:00,93.54000091552734,95.0,91.51000213623047,92.5999984741211,4248500,0.0,0.0
2023-04-20 00:00:00-04:00,91.52999877929688,94.13999938964844,88.875,89.79000091552734,5205600,0.0,0.0
2023-04-27 00:00:00-04:00,89.4800033569336,95.70999908447266,87.79000091552734,93.62000274658203,6970500,0.0,0.0
2023-05-04 00:00:00-04:00,102.2699966430664,102.77999877929688,90.73999786376953,92.58999633789062,10185800,0.0,0.0
2023-05-11 00:00:00-04:00,92.3499984741211,93.4800033569336,89.22000122070312,92.4800033569336,5754100,0.0,0.0
2023-05-18 00:00:00-04:00,93.19000244140625,96.73999786376953,91.5999984741211,93.75,5287400,0.0,0.0
2023-05-25 00:00:00-04:00,93.31999969482422,102.54000091552734,91.27999877929688,97.26000213623047,6271100,0.0,0.0
2023-06-01 00:00:00-04:00,98.0,100.41899871826172,95.05999755859375,98.76000213623047,5186000,0.0,0.0
2023-06-08 00:00:00-04:00,99.72000122070312,104.447998046875,97.9000015258789,103.5999984741211,4808000,0.0,0.0
2023-06-15 00:00:00-04:00,101.87999725341797,104.1500015258789,100.25,100.80000305175781,6570200,0.0,0.0
2023-06-22 00:00:00-04:00,100.29000091552734,102.19000244140625,96.77999877929688,100.66000366210938,5699400,0.0,0.0
2023-06-29 00:00:00-04:00,101.30000305175781,103.62999725341797,97.58000183105469,97.58999633789062,4175600,0.0,0.0
2023-07-06 00:00:00-04:00,96.0999984741211,105.69999694824219,96.05999755859375,105.31999969482422,6466100,0.0,0.0
2023-07-13 00:00:00-04:00,106.05000305175781,108.06999969482422,104.30999755859375,105.83999633789062,4156800,0.0,0.0
2023-07-20 00:00:00-04:00,104.69999694824219,108.47000122070312,104.0999984741211,108.34500122070312,1772204,0.0,0.0
