Date,Open,High,Low,Close,Volume,Dividends,Stock Splits
2013-07-22 00:00:00-04:00,34.63861761039672,35.66766348468056,34.63146018035171,35.63008117675781,9323511,0.0,0.0
2013-07-29 00:00:00-04:00,35.5495462993339,36.21171584117192,35.18803810245714,36.20455551147461,6852024,0.0,0.0
2013-08-05 00:00:00-04:00,35.993374537936724,36.213503187251646,35.38131573760189,35.59428405761719,8319709,0.0,0.0
2013-08-12 00:00:00-04:00,35.41352962843511,35.74282357044855,34.363005796974136,34.49544143676758,10628071,0.0,0.0
2013-08-19 00:00:00-04:00,34.400596464192844,34.68872943424298,33.727687814824094,34.1983642578125,9252144,0.0,0.0
2013-08-26 00:00:00-04:00,34.21804150899875,34.35405585085127,33.2194207310065,33.50397491455078,10968761,0.0,0.0
2013-09-02 00:00:00-04:00,33.78853956986089,34.72631677671816,33.688321031022355,34.22879409790039,7404264,0.204802,0.0
2013-09-09 00:00:00-04:00,34.414097335635596,35.18172961010054,34.130054079538354,35.145774841308594,9437782,0.0,0.0
2013-09-16 00:00:00-04:00,35.48375717769913,36.842845955432026,35.15836674793006,36.551612854003906,13146711,0.0,0.0
2013-09-23 00:00:00-04:00,36.497671521800434,36.571378502376746,35.379478857617585,35.68149948120117,11156946,0.0,0.0
2013-09-30 00:00:00-04:00,35.44241146623732,36.177686952076925,34.76106814625485,35.327354431152344,12653942,0.0,0.0
2013-10-07 00:00:00-04:00,35.081058078552864,35.29858413887725,34.034774887166556,35.253639221191406,11444962,0.0,0.0
2013-10-14 00:00:00-04:00,34.768266437987556,36.72780227661133,34.768266437987556,36.72780227661133,15836544,0.0,0.0
2013-10-21 00:00:00-04:00,38.27384597552651,38.54350678549607,37.75609663774398,38.15339660644531,15204442,0.0,0.0
2013-10-28 00:00:00-04:00,38.14800295233557,39.13496177420411,38.08148574753574,38.74125671386719,12930487,0.0,0.0
2013-11-04 00:00:00-05:00,38.9569853160518,40.553377837241776,38.85451333792674,39.32372283935547,14486955,0.0,0.0
2013-11-11 00:00:00-05:00,39.37046692854638,40.55517705480386,39.03788380356252,40.549781799316406,10464523,0.0,0.0
2013-11-18 00:00:00-05:00,40.538990810298515,41.78122780066381,40.1075335778751,41.72549819946289,9987048,0.0,0.0
2013-11-25 00:00:00-05:00,41.90347758157903,42.63875300993756,41.79741361890291,42.17134094238281,7916148,0.0,0.0
2013-12-02 00:00:00-05:00,42.4607797945883,43.735376935696216,41.62663013010818,41.98977279663086,10636143,0.247175,0.0
2013-12-09 00:00:00-05:00,42.19249239586348,42.42183962584177,41.27510640234277,42.34418487548828,13597422,0.0,0.0
2013-12-16 00:00:00-05:00,42.43266562881409,44.38662338256836,42.192484936406956,44.38662338256836,31731286,0.0,0.0
2013-12-23 00:00:00-05:00,44.60514668904375,45.132465107313195,43.42771548560583,44.48234939575195,7924432,0.0,4.0
2013-12-30 00:00:00-05:00,44.56901926959722,45.83313287296393,44.49678420654769,44.86518478393555,6102251,0.0,0.0
2014-01-06 00:00:00-05:00,44.94464882691034,45.13246177443881,44.121170742246065,45.12523651123047,9450525,0.0,0.0
2014-01-13 00:00:00-05:00,44.821845884626434,44.93019848861497,42.466983795166016,42.466983795166016,14689159,0.0,0.0
2014-01-20 00:00:00-05:00,42.88594367784218,42.88594367784218,41.68684277963181,41.73018264770508,9687458,0.0,0.0
2014-01-27 00:00:00-05:00,41.70129664352225,43.312138236030805,41.52070895542953,42.22138977050781,12079187,0.0,0.0
2014-02-03 00:00:00-05:00,42.214160808624925,42.495878747924365,39.96042899979882,42.43809127807617,12938664,0.0,0.0
2014-02-10 00:00:00-05:00,42.31529032162816,43.93335408050678,39.830402824903324,41.06562423706055,20355885,0.0,0.0
2014-02-17 00:00:00-05:00,41.058407246420266,42.452543747104166,40.52386939416676,42.25028610229492,14041552,0.0,0.0
2014-02-24 00:00:00-05:00,42.228612381879636,43.51439614417642,42.04802469261344,42.32251739501953,15547043,0.0,0.0
2014-03-03 00:00:00-05:00,41.824088222774726,44.778500434243874,41.80964062543127,44.337867736816406,11234367,0.247646,0.0
2014-03-10 00:00:00-04:00,44.48274102145295,44.961595132142264,44.011141118168666,44.05467224121094,13488463,0.0,0.0
2014-03-17 00:00:00-04:00,44.38116912518812,45.86126861376129,44.38116912518812,45.201026916503906,12844359,0.0,0.0
2014-03-24 00:00:00-04:00,45.29534030897219,45.6000640205534,43.82975246560576,44.526268005371094,7870163,0.0,0.0
2014-03-31 00:00:00-04:00,44.947091911255185,45.687141712029245,43.64112271199742,43.793487548828125,10808505,0.0,0.0
2014-04-07 00:00:00-04:00,43.74994492518167,43.90956393952342,41.76922888738584,41.863548278808594,13996098,0.0,0.0
2014-04-14 00:00:00-04:00,42.11023848385069,43.87329634484061,42.001407715403076,43.4234619140625,6927108,0.0,0.0
2014-04-21 00:00:00-04:00,43.575837054407806,45.14299931479372,43.22032195104906,44.57707977294922,10600141,0.0,0.0
2014-04-28 00:00:00-04:00,44.92532078476563,45.16474785379769,43.30011663489176,44.3739128112793,10142419,0.0,0.0
2014-05-05 00:00:00-04:00,44.22881524721969,45.08495011297708,43.662895789468664,44.80924606323242,8069181,0.0,0.0
2014-05-12 00:00:00-04:00,45.012380360423215,46.427179974678516,44.8092302344426,45.542022705078125,7752387,0.0,0.0
2014-05-19 00:00:00-04:00,45.476736604457486,45.970102150701,44.845517580315,45.50575637817383,6281304,0.0,0.0
2014-05-26 00:00:00-04:00,45.77420746901342,46.05716570203795,45.18652249793377,45.723419189453125,4711669,0.0,0.0
2014-06-02 00:00:00-04:00,45.78145999410699,46.492487063881605,45.56379846625925,45.97735595703125,6486590,0.247646,0.0
2014-06-09 00:00:00-04:00,46.18899770482293,46.41484480475958,44.76835773162199,44.90678024291992,6013574,0.0,0.0
2014-06-16 00:00:00-04:00,44.71006128151126,45.53330307767801,44.64449507469216,45.278316497802734,9109731,0.0,0.0
2014-06-23 00:00:00-04:00,45.37302784298703,45.88300099917393,45.17632332102724,45.693580627441406,6534168,0.0,0.0
2014-06-30 00:00:00-04:00,45.70815424259058,46.363834048731604,45.56244761900369,46.16712951660156,5178630,0.0,0.0
2014-07-07 00:00:00-04:00,45.86115057607219,46.18899051888348,45.234613199275124,45.31475067138672,8659441,0.0,0.0
2014-07-14 00:00:00-04:00,45.5333018750379,46.10155707632044,43.799393767970265,44.404075622558594,12027364,0.0,0.0
2014-07-21 00:00:00-04:00,44.36764988553397,45.80286064570954,44.03252584877515,45.030616760253906,9597294,0.0,0.0
2014-07-28 00:00:00-04:00,45.037895710500415,45.51144215858053,44.10537406456876,44.19279861450195,7328650,0.0,0.0
2014-08-04 00:00:00-04:00,44.14181085244664,45.555166371896355,43.5808397255954,45.526023864746094,7335021,0.0,0.0
2014-08-11 00:00:00-04:00,45.65716247439584,45.81015622060112,44.52065183814629,44.81206512451172,6206435,0.0,0.0
2014-08-18 00:00:00-04:00,45.21276234704668,46.69896846661323,45.04520028302134,46.53140640258789,7022476,0.0,0.0
2014-08-25 00:00:00-04:00,46.728095115679935,47.16521493506531,46.24726154349304,46.713523864746094,5336975,0.0,0.0
2014-09-01 00:00:00-04:00,46.72809632981656,47.79175340404932,46.59696097088132,47.587764739990234,5377225,0.247646,0.0
2014-09-08 00:00:00-04:00,47.78002662739175,48.3432640763974,46.95345884648449,48.17502212524414,7396724,0.0,0.0
2014-09-15 00:00:00-04:00,48.167709314927315,49.60871851108549,47.95557995952597,49.13325881958008,9213168,0.0,0.0
2014-09-22 00:00:00-04:00,49.07473336363648,49.30880341862017,47.91168481322656,48.47492218017578,7778938,0.0,0.0
2014-09-29 00:00:00-04:00,48.036052984714146,49.345394290354726,47.82392359028451,49.22835922241211,8329584,0.0,0.0
2014-10-06 00:00:00-04:00,49.323453590839044,49.36734396651423,47.20948791503906,47.20948791503906,8367817,0.0,0.0
2014-10-13 00:00:00-04:00,47.25337365656768,47.43624280700648,45.168665341565436,46.63893508911133,13154569,0.0,0.0
2014-10-20 00:00:00-04:00,46.55115157937542,49.4843712063415,45.71726717058016,48.64317321777344,11705257,0.0,0.0
2014-10-27 00:00:00-04:00,48.64317166036047,49.9525127965404,48.387154889427975,49.50631332397461,7838409,0.0,0.0
2014-11-03 00:00:00-05:00,49.652613172736146,51.09361961623218,49.16983983150114,51.04973220825195,7484126,0.0,0.0
2014-11-10 00:00:00-05:00,51.08630663886216,52.417597541480525,51.027792069773454,51.934818267822266,8228482,0.0,0.0
2014-11-17 00:00:00-05:00,51.905586418453694,54.38528830277664,51.715397688078376,53.85862731933594,8122707,0.0,0.0
2014-11-24 00:00:00-05:00,54.07070872809529,55.1752366506763,53.646450143765485,54.98505401611328,6767171,0.0,0.0
2014-12-01 00:00:00-05:00,54.363329799372366,54.65592045611896,53.668426989599205,53.89518356323242,7233069,0.301318,0.0
2014-12-08 00:00:00-05:00,54.15061240143648,54.3342734767624,52.89437183668575,53.3939323425293,7556767,0.0,0.0
2014-12-15 00:00:00-05:00,53.6216657322844,54.99544806274142,52.358080036432774,53.930213928222656,9946904,0.0,0.0
2014-12-22 00:00:00-05:00,54.01104740168757,55.34809796239383,53.827386283327144,55.12770462036133,3111236,0.0,0.0
2014-12-29 00:00:00-05:00,54.89995599257408,55.82560666949389,53.72452504984595,54.187347412109375,4478029,0.0,0.0
2015-01-05 00:00:00-05:00,53.81268043329864,55.64194604348085,53.063345582088104,55.27462387084961,10877748,0.0,0.0
2015-01-12 00:00:00-05:00,55.42890567593574,56.48679487022748,52.416863442857135,53.313133239746094,13037855,0.0,0.0
2015-01-19 00:00:00-05:00,52.86499268275476,53.60698829858452,52.20381866631321,52.25524139404297,14459024,0.0,0.0
2015-01-26 00:00:00-05:00,52.02749544320122,53.092729686451264,50.90348727453892,50.96226119995117,14786119,0.0,0.0
2015-02-02 00:00:00-05:00,50.1908878698515,52.30666003331193,50.08069121699232,50.87410354614258,22365826,0.0,0.0
2015-02-09 00:00:00-05:00,50.7418705435414,55.63460068306187,49.845603848812786,55.28931427001953,21749229,0.0,0.0
2015-02-16 00:00:00-05:00,55.017487239363106,55.77417314312984,54.51058155302172,55.686012268066406,12975834,0.0,0.0
2015-02-23 00:00:00-05:00,55.72275317144022,57.17735128920238,55.5831695617733,56.317813873291016,11372426,0.0,0.0
2015-03-02 00:00:00-05:00,56.22231217288519,56.88349203547758,54.606094730992695,54.723636627197266,8437483,0.301318,0.0
2015-03-09 00:00:00-04:00,55.10975123592831,55.53027113337661,53.46457697444849,53.80393981933594,9631066,0.0,0.0
2015-03-16 00:00:00-04:00,54.047387354760964,55.59665781086333,53.294886952812476,55.515506744384766,12421577,0.0,0.0
2015-03-23 00:00:00-04:00,55.61140438030541,56.422926825437976,53.870321057164844,54.8588981628418,7483277,0.0,0.0
2015-03-30 00:00:00-04:00,55.05809134946701,55.90650114344696,54.777744852615264,55.685176849365234,6480961,0.0,0.0
2015-04-06 00:00:00-04:00,55.30155352152185,56.2016093843597,55.16876250989996,55.75896072387695,6874432,0.0,0.0
2015-04-13 00:00:00-04:00,55.67780666180321,55.93601836649068,54.23919859283019,54.4015007019043,6281730,0.0,0.0
2015-04-20 00:00:00-04:00,54.762991210643946,55.021202881980116,54.30558409204045,54.37198257446289,6361274,0.0,0.0
2015-04-27 00:00:00-04:00,54.556421793833024,54.740858709743925,51.13327741655657,53.154701232910156,11235429,0.0,0.0
2015-05-04 00:00:00-04:00,53.36865853329636,53.47194441967848,51.95218516374807,53.04404830932617,10630088,0.0,0.0
2015-05-11 00:00:00-04:00,53.07355667072399,53.30225727889203,51.48002271803986,52.57189178466797,11084625,0.0,0.0
2015-05-18 00:00:00-04:00,52.645668029785156,53.11782182336322,52.18826082314126,52.645668029785156,7096709,0.0,0.0
2015-05-25 00:00:00-04:00,52.180884727394684,52.955519893271166,50.49144112249925,51.95956039428711,11716728,0.0,0.0
2015-06-01 00:00:00-04:00,52.12187356317494,52.586657152242424,51.48741153594566,51.80464553833008,7175191,0.301318,0.0
2015-06-08 00:00:00-04:00,51.87770292651539,52.29272949786858,51.11436292125524,51.27740478515625,7580875,0.0,0.0
2015-06-15 00:00:00-04:00,50.48441028601112,52.30013019952909,50.48441028601112,51.93698501586914,9402737,0.0,0.0
2015-06-22 00:00:00-04:00,52.27790472362842,53.15982719803347,51.6109054411884,52.455772399902344,13368243,0.0,0.0
2015-06-29 00:00:00-04:00,51.85547272123654,53.56743629484868,50.98096017473855,53.404388427734375,10327844,0.0,0.0
2015-07-06 00:00:00-04:00,52.96713249303533,53.28580628164415,51.7739462514807,52.811500549316406,7936432,0.0,0.0
2015-07-13 00:00:00-04:00,53.196884908436175,54.27890481030029,53.196884908436175,53.72307205200195,8150532,0.0,0.0
2015-07-20 00:00:00-04:00,53.77492983129555,56.77642574693381,53.700818821032875,55.212684631347656,11618706,0.0,0.0
2015-07-27 00:00:00-04:00,55.553611835161654,57.361922264548674,54.22702913124623,57.132179260253906,11176169,0.0,0.0
2015-08-03 00:00:00-04:00,56.65043413765935,57.3322529664504,55.3609014786339,56.1687126159668,7827259,0.0,0.0
2015-08-10 00:00:00-04:00,56.65786081043032,57.04324174474368,54.97554293854023,56.2798957824707,8727091,0.0,0.0
2015-08-17 00:00:00-04:00,55.92415792279567,56.79867038332181,53.33768806173985,53.45626449584961,8794634,0.0,0.0
2015-08-24 00:00:00-04:00,51.35892481326065,54.50864352923955,49.78777340861486,54.16032409667969,11867425,0.0,0.0
2015-08-31 00:00:00-04:00,54.10103048944573,54.39006468925811,52.01110197655466,52.4187126159668,8424634,0.301318,0.0
2015-09-07 00:00:00-04:00,53.62191143608527,54.344014664160355,52.147920189636025,52.87002944946289,5218987,0.0,0.0
2015-09-14 00:00:00-04:00,52.788131150639956,54.38122502866433,52.192580233471816,52.572242736816406,8494513,0.0,0.0
2015-09-21 00:00:00-04:00,52.92212797192554,53.577236411880385,51.63425269648682,52.17024612426758,6449950,0.0,0.0
2015-09-28 00:00:00-04:00,52.01392912378761,52.27448272705078,49.80294508720778,52.27448272705078,10325082,0.0,0.0
2015-10-05 00:00:00-04:00,52.765801609196124,53.44323964854978,51.358811200230114,53.12313461303711,8196728,0.0,0.0
2015-10-12 00:00:00-04:00,53.212475698025806,54.32169084054119,51.894821287228865,54.29191207885742,7587141,0.0,0.0
2015-10-19 00:00:00-04:00,54.25467511169018,54.94699946243453,45.82763169850106,47.457950592041016,25260944,0.0,0.0
2015-10-26 00:00:00-04:00,47.92695305538489,50.99403842150235,46.89962814041225,50.26449203491211,22004958,0.0,0.0
2015-11-02 00:00:00-05:00,50.36126739652098,52.37124904708914,49.453051499619335,51.36625671386719,11126574,0.0,0.0
2015-11-09 00:00:00-05:00,51.20992912699488,51.31415176730696,46.170080768832946,46.192413330078125,13890322,0.0,0.0
2015-11-16 00:00:00-05:00,46.02862720339053,48.500161008846966,45.53729590471384,48.187496185302734,12511210,0.0,0.0
2015-11-23 00:00:00-05:00,48.20983225536385,49.77315347118057,48.083280093450405,48.63416290283203,8013321,0.0,0.0
2015-11-30 00:00:00-05:00,48.22472341426598,49.356270844041326,47.182509231871016,47.941837310791016,12958630,0.348399,0.0
2015-12-07 00:00:00-05:00,47.89942161271216,48.5358843412932,45.967570643240876,46.28205871582031,15234177,0.0,0.0
2015-12-14 00:00:00-05:00,46.29704016466127,47.727208303515425,46.252111558649844,46.431819915771484,17155124,0.0,0.0
2015-12-21 00:00:00-05:00,46.75379861552708,47.00838497102625,46.199700328128785,46.633995056152344,9734929,0.0,0.0
2015-12-28 00:00:00-05:00,46.4468011644008,47.31538457345232,46.259606202668806,46.61153030395508,6444853,0.0,0.0
2016-01-04 00:00:00-05:00,45.44343122636876,46.02747885234448,43.48162758173975,43.59394454956055,15744257,0.0,0.0
2016-01-11 00:00:00-05:00,42.81520768763899,43.84103641581789,40.33674825713995,41.16789245605469,21698359,0.0,0.0
2016-01-18 00:00:00-05:00,41.45992627656075,43.57148289993516,39.093783306096135,43.496604919433594,17392905,0.0,0.0
2016-01-25 00:00:00-05:00,43.42921951647853,46.9859207992068,43.05482958845846,46.87360382080078,17693027,0.0,0.0
2016-02-01 00:00:00-05:00,46.297037955466,48.318740192572065,43.945868390383716,44.20045471191406,19402739,0.0,0.0
2016-02-08 00:00:00-05:00,43.48911949081665,44.07316714756186,41.96160743459479,44.020751953125,15920335,0.0,0.0
2016-02-15 00:00:00-05:00,44.02823649960746,46.28954888360382,41.25775146654991,43.841041564941406,18796762,0.0,0.0
2016-02-22 00:00:00-05:00,44.17800375200593,49.045070265290164,44.02824776595218,48.595802307128906,18180484,0.0,0.0
2016-02-29 00:00:00-05:00,48.498457431290156,50.243113914935016,48.490967812541726,48.97018814086914,16213872,0.348399,0.0
2016-03-07 00:00:00-05:00,48.96627839874891,50.238815945274084,48.34883717783351,49.96021270751953,12645552,0.0,0.0
2016-03-14 00:00:00-04:00,49.711724661710534,50.38187502743348,48.83826603662448,50.07315444946289,12134200,0.0,0.0
2016-03-21 00:00:00-04:00,50.06562415464614,50.351755933045084,47.99492923790945,48.243412017822266,9095924,0.0,0.0
2016-03-28 00:00:00-04:00,48.33377584704266,49.561132730375355,48.15305941309503,49.12440490722656,7737201,0.0,0.0
2016-04-04 00:00:00-04:00,49.17709863701564,49.252396623709245,46.89557330077238,47.15158462524414,8235385,0.0,0.0
2016-04-11 00:00:00-04:00,47.24195694765419,48.34883829317204,46.15766439480437,48.258480072021484,6417243,0.0,0.0
2016-04-18 00:00:00-04:00,48.22082322882618,49.32017276442976,47.942220029933296,48.243412017822266,8049960,0.0,0.0
2016-04-25 00:00:00-04:00,47.62597979030048,48.378959949078244,46.33838493898197,47.47538375854492,12619002,0.0,0.0
2016-05-02 00:00:00-04:00,47.05370727828129,49.93008850578223,46.68474584938248,48.137996673583984,21767921,0.0,0.0
2016-05-09 00:00:00-04:00,48.0551699920877,49.327704389192036,44.79476713200349,45.12607955932617,18276594,0.0,0.0
2016-05-16 00:00:00-04:00,45.3143344197238,46.32332603062172,44.86254631173043,46.26308822631836,10722164,0.0,0.0
2016-05-23 00:00:00-04:00,46.330856357520645,47.144074318903755,46.127551104555195,46.98594665527344,8161577,0.0,0.0
2016-05-30 00:00:00-04:00,46.98594275365907,47.35490422101334,46.534154695908576,46.92570495605469,9416647,0.0,0.0
2016-06-06 00:00:00-04:00,46.92570389051815,47.70127276195006,46.50403626638382,47.17418670654297,10704535,0.348399,0.0
2016-06-13 00:00:00-04:00,47.317213173019574,48.20341767091858,46.58249651857191,48.08980178833008,20956871,0.0,0.0
2016-06-20 00:00:00-04:00,48.62757280941697,49.445606388921846,46.37040500111073,46.438575744628906,9867572,0.0,0.0
2016-06-27 00:00:00-04:00,45.82505550723732,47.40053147228509,43.76482337179295,47.188446044921875,14355798,0.0,0.0
2016-07-04 00:00:00-04:00,46.94606891140271,48.77906932772445,45.74931251589585,48.51396560668945,9044841,0.0,0.0
2016-07-11 00:00:00-04:00,48.5215430753496,49.422893908693794,48.33975643459377,48.498817443847656,9913027,0.0,0.0
2016-07-18 00:00:00-04:00,48.46850685565497,48.93054341214614,46.3401045211346,47.241455078125,15466543,0.0,0.0
2016-07-25 00:00:00-04:00,47.120269990658315,47.65047732781588,46.279510800611476,47.28690719604492,11928596,0.0,0.0
2016-08-01 00:00:00-04:00,47.00666498223872,47.415680324181835,44.46924356875454,47.0824089050293,14785270,0.0,0.0
2016-08-08 00:00:00-04:00,47.24903551690939,48.529105682902966,46.33253241624881,48.37004470825195,10286532,0.0,0.0
2016-08-15 00:00:00-04:00,48.415505688948805,49.210816959894615,48.12010313232292,49.11235046386719,8618766,0.0,0.0
2016-08-22 00:00:00-04:00,49.0441621125393,49.38500967786537,48.256427358244544,48.468509674072266,9105906,0.0,0.0
2016-08-29 00:00:00-04:00,48.40792225962904,48.92298026456586,45.120635142622014,45.469058990478516,12735716,0.0,0.0
2016-09-05 00:00:00-04:00,44.62829971214214,45.915946259154225,44.24958013949152,44.25715637207031,12231797,0.348399,0.0
2016-09-12 00:00:00-04:00,46.25526049550552,46.25526049550552,42.07864378977139,42.80269241333008,26657369,0.0,0.0
2016-09-19 00:00:00-04:00,43.14565459366774,43.663920260573654,42.688360813282564,43.404788970947266,14330946,0.0,0.0
2016-09-26 00:00:00-04:00,43.34382572009707,43.34382572009707,42.071023826905815,42.71885681152344,17057631,0.0,0.0
2016-10-03 00:00:00-04:00,42.64264307517906,43.04658539555125,41.28600514654514,41.58324432373047,17959588,0.0,0.0
2016-10-10 00:00:00-04:00,41.89571453672133,42.20819734333058,40.98112709768618,41.61371612548828,10107160,0.0,0.0
2016-10-17 00:00:00-04:00,41.59085666777377,41.86523169484023,40.82870038408575,41.66707229614258,13699695,0.0,0.0
2016-10-24 00:00:00-04:00,41.49939784641441,42.452093213655616,39.44919926870321,41.40031814575195,26827606,0.0,0.0
2016-10-31 00:00:00-04:00,41.3774575770041,41.67469981398638,40.60006050364172,40.805843353271484,11518982,0.0,0.0
2016-11-07 00:00:00-05:00,41.545128293629375,43.57246600017379,40.142762487848216,43.48100662231445,13303462,0.0,0.0
2016-11-14 00:00:00-05:00,43.72489909719272,44.433703901871496,41.49177846892623,41.55275344848633,14697655,0.0,0.0
2016-11-21 00:00:00-05:00,41.5908574706831,44.47180766110981,41.567990311608554,43.641056060791016,16578776,0.0,0.0
2016-11-28 00:00:00-05:00,43.503881704780845,43.610584853896604,41.476546572813945,42.52069854736328,16765157,0.0,0.0
2016-12-05 00:00:00-05:00,42.642635993547145,44.07548933288907,42.52068912334894,43.09992980957031,13393731,0.39548,0.0
2016-12-12 00:00:00-05:00,43.48328834120897,43.882570558464955,40.77278121191399,41.294918060302734,20562975,0.0,0.0
2016-12-19 00:00:00-05:00,41.37937879839393,41.9859809065712,40.92634963989258,40.92634963989258,17202595,0.0,0.0
2016-12-26 00:00:00-05:00,40.98777560611741,41.74794752826849,40.864920983274224,40.96474075317383,8279883,0.0,0.0
2017-01-02 00:00:00-05:00,41.17974544647171,41.64045503265275,40.196898951428835,40.83421325683594,14685548,0.0,0.0
2017-01-09 00:00:00-05:00,40.84956341551953,41.34866537619528,39.22172255240311,39.4136848449707,16729155,0.0,0.0
2017-01-16 00:00:00-05:00,39.60564929833652,40.496356250874875,38.76869552350911,39.81296920776367,20033461,0.0,0.0
2017-01-23 00:00:00-05:00,39.7515335916073,40.83419951037649,38.76100707048307,38.98368453979492,18177934,0.0,0.0
2017-01-30 00:00:00-05:00,38.96065347968713,39.544217571535576,37.647629606954204,38.05459213256836,29615994,0.0,0.0
2017-02-06 00:00:00-05:00,37.97780787498131,38.92993894182618,36.89513872152186,38.63815689086914,23719345,0.0,0.0
2017-02-13 00:00:00-05:00,38.79941457796455,40.59618330067129,38.33870496811327,40.45029067993164,31765802,0.0,0.0
2017-02-20 00:00:00-05:00,40.57314109191857,41.42545247144833,40.127789171887564,40.7420654296875,21705157,0.0,0.0
2017-02-27 00:00:00-05:00,40.74207030790832,41.29492242791152,40.03565143810516,40.38118362426758,20809890,0.0,0.0
2017-03-06 00:00:00-05:00,40.40421423185781,40.84956615837467,40.081716936546854,40.64224624633789,13529774,0.39548,0.0
2017-03-13 00:00:00-04:00,41.10083161285255,42.19995085961126,40.77573956300214,41.75875473022461,22874737,0.0,0.0
2017-03-20 00:00:00-04:00,41.820674770575195,42.037401750744394,40.466127224837116,41.843894958496094,23950861,0.0,0.0
2017-03-27 00:00:00-04:00,41.51881171654011,43.5545028213772,41.433666834896016,42.54826736450195,23957128,0.0,0.0
2017-04-03 00:00:00-04:00,42.69533552157272,42.966245098468995,41.50333526467631,41.9522705078125,17189001,0.0,0.0
2017-04-10 00:00:00-04:00,42.09932255250606,42.958494576339056,42.083844517995544,42.41667556762695,14232499,0.0,0.0
2017-04-17 00:00:00-04:00,42.5637429647341,43.802186533067534,42.362497139177805,43.229408264160156,14657086,0.0,0.0
2017-04-24 00:00:00-04:00,43.686099038027756,44.90132287807667,42.1844875226438,42.28511047363281,25777182,0.0,0.0
2017-05-01 00:00:00-04:00,42.269612998266574,42.362496892499664,40.876363992004386,42.161251068115234,22639079,0.0,0.0
2017-05-08 00:00:00-04:00,42.16899109879189,43.1829655345139,41.565250475394635,41.79745864868164,17794554,0.0,0.0
2017-05-15 00:00:00-04:00,41.8748596271277,42.02192291596408,39.64566188366838,40.55901336669922,16553819,0.0,0.0
2017-05-22 00:00:00-04:00,40.6596426069574,41.7897212581333,40.52031831425347,41.572994232177734,13767131,0.0,0.0
2017-05-29 00:00:00-04:00,41.50332986371786,42.246394780780726,41.240159340396296,42.06062698364258,12557619,0.0,0.0
2017-06-05 00:00:00-04:00,42.122552178545135,42.850135931951435,41.2324208167566,42.8269157409668,12685059,0.39548,0.0
2017-06-12 00:00:00-04:00,43.18778809469383,44.25656200606476,43.00055963547194,43.94451141357422,16114469,0.0,0.0
2017-06-19 00:00:00-04:00,44.05373974681026,44.41259674025201,42.52468962240186,44.02253341674805,16081442,0.0,0.0
2017-06-26 00:00:00-04:00,44.20195582021324,45.38774879229426,43.944514694279924,44.93527603149414,10237255,0.0,0.0
2017-07-03 00:00:00-04:00,44.80265752897171,45.38775248112495,43.570058128526455,44.2331657409668,8098705,0.0,0.0
2017-07-10 00:00:00-04:00,44.1161451326878,44.24876728240319,43.32041539484985,43.70267868041992,12579284,0.0,0.0
2017-07-17 00:00:00-04:00,43.58566223400675,45.85582943320895,43.30481475463492,45.75441360473633,18856342,0.0,0.0
2017-07-24 00:00:00-04:00,46.42531091306333,48.4380365124156,45.223914921586285,48.25080490112305,15111940,0.0,0.0
2017-07-31 00:00:00-04:00,48.250823816542514,49.71746147844305,48.07919845943954,49.311798095703125,11109476,0.0,0.0
2017-08-07 00:00:00-04:00,49.319589782463574,49.89688474586969,46.81538459460504,48.040184020996094,12278100,0.0,0.0
2017-08-14 00:00:00-04:00,48.47704756493787,50.123113263057235,48.31322225941187,48.9763298034668,15749991,0.0,0.0
2017-08-21 00:00:00-04:00,49.05434996475933,49.818873441668,48.7422993080248,49.475616455078125,8514054,0.0,0.0
2017-08-28 00:00:00-04:00,49.4834105526002,49.67064218848099,48.66428083687117,49.60042953491211,8090316,0.0,0.0
2017-09-04 00:00:00-04:00,49.5770272043573,50.325947439567585,48.289818377277236,48.74229431152344,8604430,0.39548,0.0
2017-09-11 00:00:00-04:00,49.28738750036508,49.95491922876329,48.52561536223785,49.028228759765625,13063236,0.0,0.0
2017-09-18 00:00:00-04:00,49.067502038873386,49.318805590446544,48.344996374248346,48.84760665893555,10230671,0.0,0.0
2017-09-25 00:00:00-04:00,48.61200717656152,50.261203436286216,48.39997020268677,49.92351150512695,11432324,0.0,0.0
2017-10-02 00:00:00-04:00,49.89995832958846,51.60412546224892,49.34237413155779,51.5570068359375,11667451,0.0,0.0
2017-10-09 00:00:00-04:00,51.53343980685011,51.60411773573487,50.119843050665374,50.166961669921875,9430666,0.0,0.0
2017-10-16 00:00:00-04:00,50.27691350581354,52.59364171407301,50.017754715435096,52.13029479980469,12829172,0.0,0.0
2017-10-23 00:00:00-04:00,53.43394551894806,56.504590875404375,53.363267582190765,55.67999267578125,21876669,0.0,0.0
2017-10-30 00:00:00-04:00,55.25591891979093,55.45225182527193,54.17215873630289,54.55697250366211,12774586,0.0,0.0
2017-11-06 00:00:00-05:00,54.65120265408719,55.02816432887783,53.677390296779315,54.6826171875,8276591,0.0,0.0
2017-11-13 00:00:00-05:00,54.7061714093629,55.954843246818974,54.3684763616113,55.60930252075195,9014787,0.0,0.0
2017-11-20 00:00:00-05:00,55.61717161147871,58.161641040929695,55.36586166820531,58.02813720703125,8383109,0.0,0.0
2017-11-27 00:00:00-05:00,58.11451436866983,58.7977566204159,55.68784502150058,56.37893295288086,14898374,0.0,0.0
2017-12-04 00:00:00-05:00,56.85798848085593,57.61190554066075,55.24020666515177,57.60405349731445,14611315,0.433145,0.0
2017-12-11 00:00:00-05:00,58.1578991526113,58.900880059096465,57.209414524122934,58.81393051147461,13008651,0.0,0.0
2017-12-18 00:00:00-05:00,59.169606280065075,59.47786503407268,58.05513823481823,58.38711166381836,10387847,0.0,0.0
2017-12-25 00:00:00-05:00,58.268555118935986,59.20122779809109,58.22903492734011,58.489864349365234,4569148,0.0,0.0
2018-01-01 00:00:00-05:00,58.821836460230365,60.19713397306875,58.25274187171648,59.83354949951172,8480388,0.0,0.0
2018-01-08 00:00:00-05:00,59.96792125931541,62.20476018286886,59.786125822663486,61.4933967590332,13705428,0.0,0.0
2018-01-15 00:00:00-05:00,61.64358009708235,63.11373001939476,60.56863211110014,63.066307067871094,9077020,0.0,0.0
2018-01-22 00:00:00-05:00,63.0347032858196,64.89215278890616,62.758061870466285,64.47323608398438,11697611,0.0,0.0
2018-01-29 00:00:00-05:00,64.33094563419286,65.56397424846449,62.165237999129864,63.14533996582031,15600037,0.0,0.0
2018-02-05 00:00:00-05:00,63.40617239491749,64.59968728135475,60.40264429594696,62.69480895996094,20382222,0.0,0.0
2018-02-12 00:00:00-05:00,63.5721837172751,66.69427343959093,57.312179540118365,58.99574279785156,24007996,0.0,0.0
2018-02-19 00:00:00-05:00,59.01943372533158,59.96791824273393,57.49395189817123,59.87306594848633,14372789,0.0,0.0
2018-02-26 00:00:00-05:00,59.80984185038748,60.702994326884365,57.375395516561795,58.1104736328125,13076617,0.0,0.0
2018-03-05 00:00:00-05:00,57.928684643603695,58.734894070290416,56.97229719315138,58.16580581665039,16165657,0.433145,0.0
2018-03-12 00:00:00-04:00,58.60370984324242,60.886452859072826,58.0708002107733,60.01948547363281,16729260,0.0,0.0
2018-03-19 00:00:00-04:00,59.693371867341426,59.908128773678484,57.52198388889995,57.593563079833984,11928384,0.0,0.0
2018-03-26 00:00:00-04:00,58.388944393082134,59.80472626155051,58.19009898709004,58.953670501708984,9967402,0.0,0.0
2018-04-02 00:00:00-04:00,58.738922647759104,61.96817124977149,57.474264381872665,60.695560455322266,12566221,0.0,0.0
2018-04-09 00:00:00-04:00,61.02166907623685,62.66015410327178,60.51262349500433,61.41935348510742,9835076,0.0,0.0
2018-04-16 00:00:00-04:00,61.681832226336496,62.88285731854827,61.19665067253718,61.64206314086914,7767893,0.0,0.0
2018-04-23 00:00:00-04:00,61.89657539404345,64.9985636938506,61.721594016474334,64.26681518554688,9934372,0.0,0.0
2018-04-30 00:00:00-04:00,64.54520059229047,65.1656008477556,58.77868371660056,60.66374206542969,17335345,0.0,0.0
2018-05-07 00:00:00-04:00,60.655783543119725,62.42153465933555,60.20241858388841,61.992027282714844,10480028,0.0,0.0
2018-05-14 00:00:00-04:00,62.135204669134446,63.885044639398835,61.196658006336854,63.68619918823242,9643597,0.0,0.0
2018-05-21 00:00:00-04:00,64.10775586498394,65.96099165351868,63.81346716706402,64.99858093261719,10699862,0.0,0.0
2018-05-28 00:00:00-04:00,64.5929200908256,65.25308940661823,64.20318181202674,64.68836975097656,10410254,0.0,0.0
2018-06-04 00:00:00-04:00,65.22126829600049,67.25744379163005,64.8633465955945,66.54955291748047,12616136,0.433145,0.0
2018-06-11 00:00:00-04:00,67.03540746496519,67.6032319258688,66.45958675417849,67.48326873779297,10583361,0.0,0.0
2018-06-18 00:00:00-04:00,66.97943008493333,68.09908655460102,65.19597468769955,65.24396514892578,9019354,0.0,0.0
2018-06-25 00:00:00-04:00,65.36392226672382,66.69151351851691,64.6201479461702,65.19596862792969,9558743,0.0,0.0
2018-07-02 00:00:00-04:00,64.61215989701505,65.75580515620103,64.34823827107938,65.18798065185547,4729617,0.0,0.0
2018-07-09 00:00:00-04:00,65.66781823622603,68.77886439400035,65.45988337178662,67.85115051269531,9017016,0.0,0.0
2018-07-16 00:00:00-04:00,69.33869231646828,74.78501889891545,69.11475847545148,74.32915496826172,17220011,0.0,0.0
2018-07-23 00:00:00-04:00,74.66506590986566,75.55279218646392,72.3377814074509,73.55340576171875,13061432,0.0,0.0
2018-07-30 00:00:00-04:00,73.56940120065063,74.24919261222549,72.63369090846022,73.92929077148438,12910733,0.0,0.0
2018-08-06 00:00:00-04:00,74.05725723893012,77.57617103313953,73.52141776376358,77.00834655761719,11326124,0.0,0.0
2018-08-13 00:00:00-04:00,76.77641132290428,76.79241030196225,72.75364980117565,73.28148651123047,16165020,0.0,0.0
2018-08-20 00:00:00-04:00,73.59338649945859,74.84100221399792,72.7776395076289,73.39344787597656,10114807,0.0,0.0
2018-08-27 00:00:00-04:00,73.76933767441625,74.94498079241632,72.64168501506595,73.68136596679688,8597739,0.0,0.0
2018-09-03 00:00:00-04:00,73.47342048136271,73.84930248698231,71.43404660078609,71.53801727294922,10762839,0.433145,0.0
2018-09-10 00:00:00-04:00,71.94855265769226,74.72971618929168,71.77171167965656,73.28286743164062,13661888,0.0,0.0
2018-09-17 00:00:00-04:00,73.14622387464105,74.61718288397002,72.91311915901484,74.14293670654297,10655577,0.0,0.0
2018-09-24 00:00:00-04:00,74.01432947665052,75.64605597872307,72.80058541741818,75.11553955078125,9215823,0.0,0.0
2018-10-01 00:00:00-04:00,75.37275309413846,75.93541644772985,72.80861450879148,73.52400207519531,15449233,0.0,0.0
2018-10-08 00:00:00-04:00,73.07387768455584,75.07534654021751,68.06617089054886,70.2766342163086,16254972,0.0,0.0
2018-10-15 00:00:00-04:00,70.18819268924695,72.33434827932368,62.479712097290346,62.503822326660156,18084479,0.0,0.0
2018-10-22 00:00:00-04:00,62.66461157324614,64.33652843465222,60.62295225893236,63.74974822998047,19139470,0.0,0.0
2018-10-29 00:00:00-04:00,64.6258770341015,69.69788328592418,64.5856867999147,68.6368637084961,13628751,0.0,0.0
2018-11-05 00:00:00-05:00,68.81371035783388,69.79434964108843,67.41508865713125,67.648193359375,11376994,0.0,0.0
2018-11-12 00:00:00-05:00,67.78483719307226,69.11111514936732,65.58241719100835,66.14508056640625,9554920,0.0,0.0
2018-11-19 00:00:00-05:00,65.92001615175056,66.33799207653482,62.51992547973803,63.47644805908203,7041909,0.0,0.0
2018-11-26 00:00:00-05:00,64.0953730736948,65.50203139814283,62.95396641134422,65.34127044677734,14714861,0.0,0.0
2018-12-03 00:00:00-05:00,66.22546793933925,67.24629756438841,60.5506066081253,61.08915328979492,12647146,0.480226,0.0
2018-12-10 00:00:00-05:00,61.22246677616158,63.1477999402338,60.55911140670118,60.7937126159668,12086729,0.0,0.0
2018-12-17 00:00:00-05:00,60.13037230096489,60.769456183934366,55.98037778718354,56.52238845825195,16555412,0.0,0.0
2018-12-24 00:00:00-05:00,56.33631713521033,58.01896734197652,54.34626409086174,57.08865737915039,9841767,0.0,0.0
2018-12-31 00:00:00-05:00,57.323266337369176,58.25356987129607,55.87521714957363,57.9461669921875,8178249,0.0,0.0
2019-01-07 00:00:00-05:00,58.07558261616873,61.21436963358929,57.517395420471495,57.80862808227539,11182967,0.0,0.0
2019-01-14 00:00:00-05:00,57.25853970341914,68.26855474321972,56.845968763131026,66.61017608642578,18400319,0.0,0.0
2019-01-21 00:00:00-05:00,66.49691405605195,68.64067165164046,65.62322909338,67.54856872558594,14716983,0.0,0.0
2019-01-28 00:00:00-05:00,67.11981955105841,68.76202150913255,66.71533695592402,68.13911437988281,14128740,0.0,0.0
2019-02-04 00:00:00-05:00,67.95305884110526,70.00783181157009,67.58093615068366,69.39301300048828,12617728,0.0,0.0
2019-02-11 00:00:00-05:00,69.4900993393381,70.61456241293293,68.73775899139933,70.29906463623047,7869526,0.0,0.0
2019-02-18 00:00:00-05:00,69.8298475224047,70.3961231116721,69.21503533639998,69.9754638671875,7752706,0.0,0.0
2019-02-25 00:00:00-05:00,70.37996945302089,71.8603721879051,69.9997517859683,70.60647583007812,8821503,0.0,0.0
2019-03-04 00:00:00-05:00,70.72781336589264,70.84106982006146,66.95803633705457,68.1229476928711,7482746,0.480226,0.0
2019-03-11 00:00:00-04:00,68.66241146942441,69.80990371212894,68.30432705343064,68.99607849121094,11533850,0.0,0.0
2019-03-18 00:00:00-04:00,69.21582849882299,70.82719878814032,68.12530117537558,68.13343811035156,9266481,0.0,0.0
2019-03-25 00:00:00-04:00,68.1741104145942,71.9909516879208,67.80788909699471,70.72952270507812,7152464,0.0,0.0
2019-04-01 00:00:00-04:00,71.31549421872833,73.20357305425108,70.23311042110183,72.56878662109375,8659440,0.0,0.0
2019-04-08 00:00:00-04:00,72.85362895393249,73.87091072579025,71.99911226557197,73.82208251953125,8368667,0.0,0.0
2019-04-15 00:00:00-04:00,73.95228762144576,78.28997280910409,73.82207688337945,77.760986328125,15315102,0.0,0.0
2019-04-22 00:00:00-04:00,77.36221173070624,78.0621001682276,75.70200680392188,76.92274475097656,8385340,0.0,0.0
2019-04-29 00:00:00-04:00,76.70302867562157,77.65520848780342,75.66947290561271,77.61451721191406,8651370,0.0,0.0
2019-05-06 00:00:00-04:00,76.49142288182378,76.82508997089538,74.1313292652409,75.61249542236328,8711479,0.0,0.0
2019-05-13 00:00:00-04:00,74.26152312634008,75.01023960630073,72.53620989911776,73.89530181884766,9226763,0.0,0.0
2019-05-20 00:00:00-04:00,73.35816442681909,75.44969874677133,69.54946717635086,72.6342544555664,15796144,0.0,1.062
2019-05-27 00:00:00-04:00,73.03185519244701,73.057782606714,69.79944119946622,70.7674331665039,9932000,0.0,0.0
2019-06-03 00:00:00-04:00,70.74147851807408,74.5011038002662,70.48219788127183,73.21332550048828,8309800,0.51,0.0
2019-06-10 00:00:00-04:00,74.15376444860745,76.10151628178025,73.61465829784177,75.87544250488281,6029500,0.0,0.0
2019-06-17 00:00:00-04:00,75.7971785260351,77.63189340859014,75.71892375222446,76.84062194824219,8887000,0.0,0.0
2019-06-24 00:00:00-04:00,76.72757324484985,77.22320668085341,74.19723621915023,75.95368957519531,11495300,0.0,0.0
2019-07-01 00:00:00-04:00,76.84061106119924,77.48406343495434,75.12763049216795,76.35366821289062,4557400,0.0,0.0
2019-07-08 00:00:00-04:00,76.02324546464865,77.52753997911456,74.96241449192824,77.28406524658203,6144400,0.0,0.0
2019-07-15 00:00:00-04:00,77.44058955267344,77.47537166098247,74.94503464608286,75.94499206542969,8213200,0.0,0.0
2019-07-22 00:00:00-04:00,76.49278554331653,79.59701672731732,75.16240169788867,77.04928588867188,11993900,0.0,0.0
2019-07-29 00:00:00-04:00,76.95366410018673,77.24061155848537,71.50169556256152,71.97993469238281,8272000,0.0,0.0
2019-08-05 00:00:00-04:00,70.64084540548052,72.85815678041178,69.53654162794014,71.94514465332031,8535000,0.0,0.0
2019-08-12 00:00:00-04:00,71.4495085683554,73.68420759851081,66.75403012257111,68.50179290771484,8681100,0.0,0.0
2019-08-19 00:00:00-04:00,69.71044873103294,71.03214241104332,67.78008469444497,68.12789916992188,6485500,0.0,0.0
2019-08-26 00:00:00-04:00,68.95396003326275,72.71034180926588,68.51049640696803,71.25821685791016,6536800,0.0,0.0
2019-09-02 00:00:00-04:00,70.70170488468263,76.32758276741221,69.78000230423214,76.17976379394531,6938700,0.0,0.0
2019-09-09 00:00:00-04:00,76.17107155866896,79.44051672725728,75.3884907159206,78.51881408691406,9537700,0.43,0.0
2019-09-16 00:00:00-04:00,78.42549204118858,78.65268753384188,74.86029815673828,74.86029815673828,8073600,0.0,0.0
2019-09-23 00:00:00-04:00,74.63309472707127,78.29440214192549,74.63309472707127,77.58660888671875,7787400,0.0,0.0
2019-09-30 00:00:00-04:00,77.73517360335293,78.40802001085163,74.4059152322461,77.4992446899414,10035300,0.0,0.0
2019-10-07 00:00:00-04:00,77.15843650954085,80.22554499135812,75.69041621052756,79.421630859375,6044500,0.0,0.0
2019-10-14 00:00:00-04:00,79.0983355929436,81.35279712886108,78.6701648361428,80.80229187011719,6183700,0.0,0.0
2019-10-21 00:00:00-04:00,81.37900349578106,82.03436969809881,71.20772056914784,73.53208923339844,16113300,0.0,0.0
2019-10-28 00:00:00-04:00,74.01268330727974,74.16123803887693,70.84945353354057,72.43106842041016,13479100,0.0,0.0
2019-11-04 00:00:00-05:00,73.01652558697005,77.18465805688633,72.81555036658456,76.0836410522461,12398800,0.0,0.0
2019-11-11 00:00:00-05:00,75.42828741806677,76.03122651275585,73.3223806285083,75.9176254272461,9496100,0.0,0.0
2019-11-18 00:00:00-05:00,75.71664143397525,76.52929577212264,74.08259267517387,75.59430694580078,8544700,0.0,0.0
2019-11-25 00:00:00-05:00,76.31084074292752,78.01479016977375,74.91272753798582,77.3681640625,7714500,0.0,0.0
2019-12-02 00:00:00-05:00,77.6303084407452,79.33426457607699,74.70300738781697,79.01094818115234,7657300,0.0,0.0
2019-12-09 00:00:00-05:00,78.50414502661198,81.78097668121919,78.26821608084194,81.39649963378906,10720300,0.48,0.0
2019-12-16 00:00:00-05:00,82.34041128796652,86.12667992036263,81.7693946330875,85.42388916015625,13130100,0.0,0.0
2019-12-23 00:00:00-05:00,85.69620925525415,88.01540897900011,85.41509434032457,87.8133544921875,4998700,0.0,0.0
2019-12-30 00:00:00-05:00,87.72553939397102,88.06814811228783,86.75920693968487,87.49713134765625,7910000,0.0,0.0
2020-01-06 00:00:00-05:00,86.97004623865864,87.82217806710416,83.37704451520115,83.5088119506836,11795500,0.0,0.0
2020-01-13 00:00:00-05:00,83.7372008697695,85.49417109926723,82.09443129235768,82.81478881835938,13081200,0.0,0.0
2020-01-20 00:00:00-05:00,82.63909545594466,83.58786099967448,73.8630309322179,74.25834655761719,18704600,0.0,0.0
2020-01-27 00:00:00-05:00,72.72978135137191,74.32862394589233,72.24661187130695,72.88790893554688,19900600,0.0,0.0
2020-02-03 00:00:00-05:00,73.17782360038213,74.9611475756295,72.79128794778488,72.87913513183594,12914600,0.0,0.0
2020-02-10 00:00:00-05:00,72.76492766653777,74.14414910448224,72.58922661253567,73.49407196044922,9740800,0.0,0.0
2020-02-17 00:00:00-05:00,73.17781367352154,73.88938448081133,72.45745613832545,73.5467758178711,11465800,0.0,0.0
2020-02-24 00:00:00-05:00,70.93766729036967,72.56286328101851,61.49395306905111,63.25092315673828,21802100,0.0,0.0
2020-03-02 00:00:00-05:00,63.69016628338377,66.887851337151,60.33435365213094,61.608154296875,20957000,0.0,0.0
2020-03-09 00:00:00-04:00,57.18059244651486,57.49684762149059,46.72662167495054,52.30500411987305,18732900,0.48,0.0
2020-03-16 00:00:00-04:00,47.56168100170269,55.46061762517362,45.33264144663616,46.68598556518555,22762700,0.0,0.0
2020-03-23 00:00:00-04:00,44.819604756284285,55.23063273262955,39.866186021019175,51.11752700805664,17079600,0.0,0.0
2020-03-30 00:00:00-04:00,51.1529098353566,53.43501949690705,42.28097827571657,43.23628234863281,16924700,0.0,0.0
2020-04-06 00:00:00-04:00,45.350332186293095,53.48809475676865,45.3326409946535,52.373573303222656,14037300,0.0,0.0
2020-04-13 00:00:00-04:00,52.36472904186762,53.04582473128103,47.543989015662156,50.86101150512695,11211800,0.0,0.0
2020-04-20 00:00:00-04:00,49.84378889353898,50.91408402574726,46.438313891216325,48.269309997558594,11514100,0.0,0.0
2020-04-27 00:00:00-04:00,49.03001403808594,55.9382672378279,48.66735305732546,49.03001403808594,14634600,0.0,0.0
2020-05-04 00:00:00-04:00,48.189702789628775,52.37357345869399,47.80050669515171,51.5067253112793,13368500,0.0,0.0
2020-05-11 00:00:00-04:00,50.83447644655013,51.33866359542118,44.86383596062993,45.960662841796875,17207900,0.0,0.0
2020-05-18 00:00:00-04:00,48.71157976753785,50.692949316198096,48.172010245946225,49.21576690673828,14622200,0.0,0.0
2020-05-25 00:00:00-04:00,51.22367132765299,55.99133767058322,49.109622915785934,49.62265396118164,13009600,0.0,0.0
2020-06-01 00:00:00-04:00,49.69342824827438,63.02343793977078,49.401528600281594,60.422889709472656,22688500,0.0,0.0
2020-06-08 00:00:00-04:00,61.11282537400115,61.69662463129784,51.83400873480251,54.17803955078125,15896900,0.48,0.0
2020-06-15 00:00:00-04:00,52.71878723671899,59.471212071538794,52.07739502704192,56.380062103271484,21007300,0.0,0.0
2020-06-22 00:00:00-04:00,55.71195115133652,57.07490631612656,50.50955590890225,50.90151596069336,17521200,0.0,0.0
2020-06-29 00:00:00-04:00,51.41818855743012,56.30879388260706,51.231113567153564,54.85675811767578,9872600,0.0,0.0
2020-07-06 00:00:00-04:00,55.90792246733372,56.48695745593119,51.827964200171074,54.10846710205078,10509400,0.0,0.0
2020-07-13 00:00:00-04:00,54.63405139850414,56.656211998031864,52.8434993563825,53.1998291015625,9269300,0.0,0.0
2020-07-20 00:00:00-04:00,52.70097085798034,54.46479605141086,51.58744459458639,53.36017990112305,9553300,0.0,0.0
2020-07-27 00:00:00-04:00,53.09293260297196,55.42688617352921,51.73888761315356,53.76995849609375,9924800,0.0,0.0
2020-08-03 00:00:00-04:00,53.743234607681636,55.38234204781483,51.30238347952068,54.58951187133789,10550900,0.0,0.0
2020-08-10 00:00:00-04:00,54.607328634323586,59.31086599857862,54.607328634323586,57.226341247558594,8109400,0.0,0.0
2020-08-17 00:00:00-04:00,57.057089397264804,57.14617014052264,53.87685521012957,54.92802429199219,8003600,0.0,0.0
2020-08-24 00:00:00-04:00,55.08837416984551,60.762903337945765,55.08837416984551,60.52238464355469,11860600,0.0,0.0
2020-08-31 00:00:00-04:00,60.46893354689518,62.85633435591883,57.94791501061835,60.77181625366211,11378000,0.0,0.0
2020-09-07 00:00:00-04:00,60.08588096208591,62.98995967455788,59.42667524575692,62.38420104980469,9332000,0.48,0.0
2020-09-14 00:00:00-04:00,63.641578402257515,69.34725169732698,63.112275012782234,64.70914459228516,16744800,0.0,0.0
2020-09-21 00:00:00-04:00,63.56083460464173,65.05902062711792,60.06207162252559,63.28273010253906,11111200,0.0,0.0
2020-09-28 00:00:00-04:00,64.42207440729288,65.32816596813262,61.76660458765082,65.06800079345703,8139400,0.0,0.0
2020-10-05 00:00:00-04:00,65.88438376887537,70.38791555475912,65.74981462714901,69.6253662109375,9125300,0.0,0.0
2020-10-12 00:00:00-04:00,69.93934879642407,70.8723527424715,66.5482423805704,68.01951599121094,11688700,0.0,0.0
2020-10-19 00:00:00-04:00,66.83531983403952,68.10026004510324,64.70018053690764,67.1313705444336,13225900,0.0,0.0
2020-10-26 00:00:00-04:00,66.18939899943469,66.37779305502767,59.44307118000401,60.28635787963867,11541000,0.0,0.0
2020-11-02 00:00:00-05:00,61.5782039827617,64.32338398750184,60.66314626267163,62.80725860595703,8400800,0.0,0.0
2020-11-09 00:00:00-05:00,70.17260380863107,74.89144860763318,67.42742363752998,71.32988739013672,14651700,0.0,0.0
2020-11-16 00:00:00-05:00,73.32149169364327,77.96856539667884,72.00272651725244,76.13844299316406,13337500,0.0,0.0
2020-11-23 00:00:00-05:00,76.86510778842971,80.07679342856353,76.20124206294818,76.90099334716797,6832000,0.0,0.0
2020-11-30 00:00:00-05:00,76.25506105269896,80.01398919364473,74.36214075430378,79.97810363769531,11393100,0.0,0.0
2020-12-07 00:00:00-05:00,79.16172748568059,80.41769464291312,76.79333540379999,77.7442855834961,9606600,0.49,0.0
2020-12-14 00:00:00-05:00,78.90409183828561,79.02135850204768,76.26102553052986,76.5677261352539,14152400,0.0,0.0
2020-12-21 00:00:00-05:00,75.57545726494365,77.23527038529487,74.5290591761959,75.68370819091797,7464400,0.0,0.0
2020-12-28 00:00:00-05:00,76.54970350175594,77.92987027138636,75.6656713798561,77.04584503173828,5252300,0.0,0.0
2021-01-04 00:00:00-05:00,78.10126077021305,80.89767777291809,75.81902364580458,79.24688720703125,9961800,0.0,0.0
2021-01-11 00:00:00-05:00,78.37188508415821,79.57164053950311,75.34995018837188,75.69274139404297,10043900,0.0,0.0
2021-01-18 00:00:00-05:00,75.79195647797486,76.15278603583988,73.62699289528756,75.64762878417969,11180900,0.0,0.0
2021-01-25 00:00:00-05:00,75.48525279613143,77.97496907494858,68.93621963940097,69.34215545654297,21915300,0.0,0.0
2021-02-01 00:00:00-05:00,69.61278500742532,74.5020058993245,69.17077235025239,73.84349822998047,8513200,0.0,0.0
2021-02-08 00:00:00-05:00,74.15921270553378,74.69143786298756,71.20042265740555,71.72362518310547,7210900,0.0,0.0
2021-02-15 00:00:00-05:00,71.9942336459835,73.16692787367134,70.39757212773229,72.52645874023438,5962900,0.0,0.0
2021-02-22 00:00:00-05:00,72.11151056732068,74.07802433067303,71.00196093806755,71.38082885742188,8360900,0.0,0.0
2021-03-01 00:00:00-05:00,72.16563331967978,75.52133637020506,68.44910072610588,71.05608367919922,13148400,0.0,0.0
2021-03-08 00:00:00-05:00,74.06901401744126,74.66437700654406,70.5599600997948,71.34475708007812,15471500,0.49,0.0
2021-03-15 00:00:00-04:00,71.54034012785975,73.23741083207896,68.56365329747301,72.266357421875,24212100,0.0,0.0
2021-03-22 00:00:00-04:00,72.80179418581677,72.91977016617133,68.40936128475751,72.79271697998047,11805300,0.0,0.0
2021-03-29 00:00:00-04:00,72.62028554213948,73.49151729180298,71.17732137177572,72.13929748535156,7705600,0.0,0.0
2021-04-05 00:00:00-04:00,73.10127789068426,77.09438980077995,72.40247845970208,77.08531951904297,12814400,0.0,0.0
2021-04-12 00:00:00-04:00,76.33207685307953,77.62984040560019,75.18859118906977,76.90381622314453,9554600,0.0,0.0
2021-04-19 00:00:00-04:00,76.9128946353649,80.48855236561812,74.99801257489854,80.20721435546875,12971300,0.0,0.0
2021-04-26 00:00:00-04:00,80.2253549949257,82.394343073688,79.20892268283427,79.55378723144531,13154200,0.0,0.0
2021-05-03 00:00:00-04:00,80.21629137263997,82.2037772325755,79.96218498256015,81.5685043334961,10478500,0.0,0.0
2021-05-10 00:00:00-04:00,81.67742110041868,81.99505413103304,75.38825939873122,77.53910064697266,13763400,0.0,0.0
2021-05-17 00:00:00-04:00,77.89302494965852,79.28153981096894,70.00661504006278,70.09736633300781,21847100,0.0,0.0
2021-05-24 00:00:00-04:00,70.82337747909982,72.84715794213739,69.344111597316,72.3480224609375,17289200,0.0,0.0
2021-05-31 00:00:00-04:00,72.81086844363497,73.18295078130613,70.66910492902139,71.72183227539062,7396100,0.0,0.0
2021-06-07 00:00:00-04:00,72.26634717502368,74.6440695738008,71.09563692470283,74.53516387939453,11393300,0.49,0.0
2021-06-14 00:00:00-04:00,74.93192882437883,75.2880512637662,72.01903007571482,72.7495346069336,12553000,0.0,0.0
2021-06-21 00:00:00-04:00,73.00520633726934,76.63948998188367,72.92302745711808,75.68069458007812,13251700,0.0,0.0
2021-06-28 00:00:00-04:00,75.28804126847494,77.26041787092689,73.14217360747857,77.10518646240234,10430200,0.0,0.0
2021-07-05 00:00:00-04:00,76.67601058588092,76.93168748302627,72.65821186405593,75.85418701171875,6777000,0.0,0.0
2021-07-12 00:00:00-04:00,75.10541658939054,75.99115939514283,70.22014164529975,70.6949691772461,9081500,0.0,0.0
2021-07-19 00:00:00-04:00,69.25221854905257,76.20118282745918,68.02861987121128,75.86332702636719,12777800,0.0,0.0
2021-07-26 00:00:00-04:00,75.86332561096874,77.58001844486878,72.04641760402927,73.23348999023438,15342400,0.0,0.0
2021-08-02 00:00:00-04:00,74.15576649681037,75.58025628864428,72.19252289481229,73.61701965332031,11633000,0.0,0.0
2021-08-09 00:00:00-04:00,73.1969793053206,74.60320250324541,72.38428192036187,73.79051208496094,7882700,0.0,0.0
2021-08-16 00:00:00-04:00,73.17871084861584,73.54396660384708,68.29343515158591,69.79097747802734,8558400,0.0,0.0
2021-08-23 00:00:00-04:00,70.46668883930325,70.81368490603816,68.85044151971003,69.97359466552734,8336800,0.0,0.0
2021-08-30 00:00:00-04:00,70.27493796620925,70.93239692829901,68.74086937689113,69.60835266113281,10711200,0.0,0.0
2021-09-06 00:00:00-04:00,69.3252655374723,69.57181609511264,64.65001488401835,64.78697967529297,13022100,0.49,0.0
2021-09-13 00:00:00-04:00,65.58528544823588,66.1829376916429,63.2682351847075,63.94864273071289,14351500,0.0,0.0
2021-09-20 00:00:00-04:00,62.045356097071306,63.36018825089092,60.07769914773136,62.4866943359375,17727700,0.0,0.0
2021-09-27 00:00:00-04:00,62.80848549840531,64.058955146568,61.06151223886104,62.70734405517578,17762400,0.0,0.0
2021-10-04 00:00:00-04:00,62.85446750437533,64.37158228443022,60.37192114788066,62.523460388183594,16872500,0.0,0.0
2021-10-11 00:00:00-04:00,62.698152708468264,68.27009344374154,62.698152708468264,67.62647247314453,20176400,0.0,0.0
2021-10-18 00:00:00-04:00,66.6978212140891,69.32748494408477,63.85667798883866,65.04278564453125,15158900,0.0,0.0
2021-10-25 00:00:00-04:00,65.19910144038428,67.35983731665164,63.994600569871466,67.01043701171875,17355500,0.0,0.0
2021-11-01 00:00:00-04:00,66.97366680124524,69.8148104932285,65.79675554286239,68.0770263671875,10179300,0.0,0.0
2021-11-08 00:00:00-05:00,67.86554225726911,70.73426851718897,67.37822812988252,70.52278900146484,8303700,0.0,0.0
2021-11-15 00:00:00-05:00,70.92734804692442,72.55480086090807,69.44701262367201,69.86996459960938,12120400,0.0,0.0
2021-11-22 00:00:00-05:00,70.00789413336418,70.78943607802935,65.69561153505585,68.02185821533203,7877100,0.0,0.0
2021-11-29 00:00:00-05:00,68.5735326432509,69.23554693661215,65.09796461804834,68.50917053222656,16043300,0.0,0.0
2021-12-06 00:00:00-05:00,69.67688206021712,71.87439734497616,69.08842649529927,69.86077880859375,12484800,0.5,0.0
2021-12-13 00:00:00-05:00,70.08531046929792,70.64058681256817,65.36544389969634,65.68936157226562,18464200,0.0,0.0
2021-12-20 00:00:00-05:00,64.66209148445515,65.1340724514118,62.60756284003299,64.27339172363281,11629800,0.0,0.0
2021-12-27 00:00:00-05:00,64.44923148168309,68.16959604492145,64.36594321539859,67.76239013671875,6447600,0.0,0.0
2022-01-03 00:00:00-05:00,68.22511426819818,70.8997010198112,65.47648880287123,67.0867919921875,11173000,0.0,0.0
2022-01-10 00:00:00-05:00,66.36493431605966,67.48474341923546,64.42146391335191,66.86468505859375,9662500,0.0,0.0
2022-01-17 00:00:00-05:00,66.04103247188323,66.92021939411471,60.617819365333105,62.93147659301758,16511400,0.0,0.0
2022-01-24 00:00:00-05:00,61.617317450327256,64.30116109274614,56.906711463561784,58.26713943481445,29663200,0.0,0.0
2022-01-31 00:00:00-05:00,57.38794645495181,61.968988003486984,57.36018370077342,58.41521072387695,20020000,0.0,0.0
2022-02-07 00:00:00-05:00,59.590549261499504,59.91445983008565,56.0182622805875,56.21261215209961,16551100,0.0,0.0
2022-02-14 00:00:00-05:00,56.138573234170636,57.42496595964902,54.38019250430092,54.7596321105957,14871600,0.0,0.0
2022-02-21 00:00:00-05:00,54.361690556127606,54.95398622827657,51.557535658403864,54.269142150878906,11629900,0.0,0.0
2022-02-28 00:00:00-05:00,53.49175165875545,54.27839719410161,49.512262136994366,50.83567428588867,17458900,0.0,0.0
2022-03-07 00:00:00-05:00,51.48349324830184,51.75187476000326,47.21710944925973,49.51225662231445,21291400,0.5,0.0
2022-03-14 00:00:00-04:00,50.45131781282047,54.02094205169726,50.0588441528832,53.72191619873047,22585200,0.0,0.0
2022-03-21 00:00:00-04:00,53.7312559024911,53.992902616626495,51.918411334453154,53.60977554321289,15159200,0.0,0.0
2022-03-28 00:00:00-04:00,53.488295419154326,56.15149520702707,52.00250933627035,52.83417510986328,11954900,0.0,0.0
2022-04-04 00:00:00-04:00,52.87155943519681,53.60977748607084,50.74099583039678,52.91828155517578,14096100,0.0,0.0
2022-04-11 00:00:00-04:00,52.46039555134122,53.123858914673455,51.40445854294692,52.51646423339844,8345600,0.0,0.0
2022-04-18 00:00:00-04:00,52.09595611001536,55.020806303178276,50.92788534521681,51.00264358520508,11395300,0.0,0.0
2022-04-25 00:00:00-04:00,50.694270830888016,50.89050586245475,48.48895267232169,48.59174346923828,18266500,0.0,0.0
2022-05-02 00:00:00-04:00,48.86274040504504,49.17110925425392,44.00356498074137,44.48948287963867,19182500,0.0,0.0
2022-05-09 00:00:00-04:00,43.91011831470282,45.124911212539864,42.17202842432976,44.47079086303711,17406100,0.0,0.0
2022-05-16 00:00:00-04:00,44.09701023191323,45.274427665914594,41.27495058025194,44.21849060058594,25879400,0.0,0.0
2022-05-23 00:00:00-04:00,44.27455536651345,46.90037617029241,41.89169171390409,46.89103317260742,19231800,0.0,0.0
2022-05-30 00:00:00-04:00,46.919068964710235,48.03107469334168,46.2462625802694,46.79759216308594,11623100,0.0,0.0
2022-06-06 00:00:00-04:00,47.01251508091211,47.077926760871435,44.01290654209951,44.199798583984375,13495500,0.5,0.0
2022-06-13 00:00:00-04:00,43.42087036698973,44.47807315900137,41.70291447966531,43.137691497802734,18233900,0.0,0.0
2022-06-20 00:00:00-04:00,43.83619585483263,45.327609975531445,43.024417450792185,45.31816864013672,16477300,0.0,0.0
2022-06-27 00:00:00-04:00,45.36537276853044,45.478643599184295,40.73066683830827,41.65571975708008,17609000,0.0,0.0
2022-07-04 00:00:00-04:00,41.11768036232101,43.70405209795179,40.66459342179039,43.260406494140625,11474200,0.0,0.0
2022-07-11 00:00:00-04:00,42.61852783832421,43.40198946336109,41.457488402286536,42.90170669555664,11187700,0.0,0.0
2022-07-18 00:00:00-04:00,43.28871780578233,45.82789333783112,42.79787278233224,44.799007415771484,20232400,0.0,0.0
2022-07-25 00:00:00-04:00,44.761252579578624,45.90341300731219,41.63684004311777,42.17488098144531,26063300,0.0,0.0
2022-08-01 00:00:00-04:00,41.95777292183549,43.43030435487581,41.50468605006814,43.10936737060547,12828700,0.0,0.0
2022-08-08 00:00:00-04:00,43.373678170986636,45.280421333240334,41.99553825002005,44.47807693481445,11732400,0.0,0.0
2022-08-15 00:00:00-04:00,44.213774509417284,45.49752259060579,42.665726623565774,42.99610137939453,8962800,0.0,0.0
2022-08-22 00:00:00-04:00,41.98609551161671,42.34479068483164,38.823924707980346,38.85224151611328,13178700,0.0,0.0
2022-08-29 00:00:00-04:00,38.70121203463501,39.890564771340884,38.24812510632731,38.46522903442383,14310600,0.0,0.0
2022-09-05 00:00:00-04:00,38.6068184784387,41.30646085055152,37.81391549059157,40.928890228271484,11068900,0.5,0.0
2022-09-12 00:00:00-04:00,41.938678902209865,42.80782468982767,37.66935650323466,38.0131950378418,20049900,0.0,0.0
2022-09-19 00:00:00-04:00,37.669357512147556,38.739078235895626,33.6579175501258,34.17367172241211,21027900,0.0,0.0
2022-09-26 00:00:00-04:00,34.355143791067476,34.8613485076065,28.0036911672379,28.567203521728516,35477900,0.0,0.0
2022-10-03 00:00:00-04:00,28.949245005056394,30.916761676142457,27.325566870910837,27.573894500732422,30909200,0.0,0.0
2022-10-10 00:00:00-04:00,27.698057429705806,28.911041761253767,26.66654363967518,27.65030288696289,35170600,0.0,0.0
2022-10-17 00:00:00-04:00,28.185160423833953,29.321736353915973,25.81649948154923,26.446868896484375,31182700,0.0,0.0
2022-10-24 00:00:00-04:00,26.408663555839844,27.965486355022325,25.71143706134411,27.000829696655273,45479500,0.0,0.0
2022-10-31 00:00:00-04:00,26.771605067526348,27.736261741923727,25.272088056498216,26.981727600097656,49491800,0.0,0.0
2022-11-07 00:00:00-05:00,27.325564314309762,31.976926292110218,25.625476156155415,31.843212127685547,30887900,0.0,0.0
2022-11-14 00:00:00-05:00,31.556683596338313,33.3331802405099,30.057166573557925,31.59488868713379,26658800,0.0,0.0
2022-11-21 00:00:00-05:00,31.107783713790436,32.846075313306585,30.6397840911566,32.79832077026367,15397200,0.0,0.0
2022-11-28 00:00:00-05:00,32.693258238524855,32.893829503214675,30.104923412942732,31.72860336303711,28328000,0.0,0.0
2022-12-05 00:00:00-05:00,29.60826773384398,29.847044086536272,26.551929690695065,26.93397331237793,39795700,0.51,0.0
2022-12-12 00:00:00-05:00,27.49956289467221,28.608101938319724,25.340826624775175,25.64227294921875,52454600,0.0,0.0
2022-12-19 00:00:00-05:00,25.710339677662752,26.060403548720586,24.358698044669865,25.350549697875977,36505200,0.0,0.0
2022-12-26 00:00:00-05:00,25.379722119109893,26.896670485887963,24.99076123720677,26.848051071166992,25986800,0.0,0.0
2023-01-02 00:00:00-05:00,27.237013053197263,29.00678652837303,26.7508114675023,28.724790573120117,23344300,0.0,0.0
2023-01-09 00:00:00-05:00,28.734511497957193,30.300081117053637,28.102449839935172,30.27090835571289,22342000,0.0,0.0
2023-01-16 00:00:00-05:00,30.12504829757279,30.465389761476608,27.35369902680134,28.53030776977539,21614500,0.0,0.0
2023-01-23 00:00:00-05:00,28.60810045897804,29.9500159763858,28.10245038094134,29.609676361083984,21740200,0.0,0.0
2023-01-30 00:00:00-05:00,29.065130534215474,31.243315295371637,28.812305484175706,29.774986267089844,31999700,0.0,0.0
2023-02-06 00:00:00-05:00,29.172095990966703,29.308231845416735,25.19496675582129,25.545032501220703,69198000,0.0,0.0
2023-02-13 00:00:00-05:00,25.661718789783286,27.30508064891927,25.506134432615458,26.245161056518555,39678100,0.0,0.0
2023-02-20 00:00:00-05:00,25.797856456838478,25.93399230548975,23.055677992533717,23.51270866394043,40559400,0.0,0.0
2023-02-27 00:00:00-05:00,23.814152910654165,26.206265623071655,23.376572606170157,25.535306930541992,118055500,0.0,0.0
2023-03-06 00:00:00-05:00,25.486686215159953,25.57420264890462,20.97473609637639,21.17894172668457,35759200,0.3,0.0
2023-03-13 00:00:00-04:00,20.99383940865696,21.4271086715065,19.83189113175147,21.092309951782227,49187100,0.0,0.0
2023-03-20 00:00:00-04:00,21.555120264156805,21.70282702616137,19.72357632389689,19.979598999023438,32231300,0.0,0.0
2023-03-27 00:00:00-04:00,20.353783494730656,22.57920948345422,20.156842410423682,22.55951499938965,33851000,0.0,0.0
2023-04-03 00:00:00-04:00,22.589058078590355,22.648139656153734,20.895369910971258,21.02338218688965,21428300,0.0,0.0
2023-04-10 00:00:00-04:00,20.905216049434408,23.219265354670657,20.806745506583407,22.136093139648438,32991900,0.0,0.0
2023-04-17 00:00:00-04:00,22.00808328678153,22.717067831939254,21.82098943860693,22.52997398376465,29536500,0.0,0.0
2023-04-24 00:00:00-04:00,22.549668580527193,23.189724310635867,21.830836789453905,23.15033721923828,21429900,0.0,0.0
2023-05-01 00:00:00-04:00,23.170032133595885,23.179879376170213,20.442407920100404,21.78160285949707,28181000,0.0,0.0
2023-05-08 00:00:00-04:00,21.99823619238616,22.283798709570565,20.649194033058674,20.96430015563965,25596300,0.0,0.0
2023-05-15 00:00:00-04:00,21.082463321069,21.496038111653764,18.49269866733379,18.778261184692383,36315500,0.0,0.0
2023-05-22 00:00:00-04:00,18.571474466955394,19.447858369689197,17.16335075031383,17.77386474609375,56642500,0.0,0.0
2023-05-29 00:00:00-04:00,17.892030661334356,17.970806725277285,16.513448603248357,17.842796325683594,36724300,0.0,0.0
2023-06-05 00:00:00-04:00,17.852640760551406,19.694033741804688,17.488302188102892,18.817649841308594,41439100,0.3,0.0
2023-06-12 00:00:00-04:00,19.239999771118164,19.65999984741211,18.8799991607666,19.510000228881836,29512500,0.0,0.0
2023-06-19 00:00:00-04:00,19.639999389648438,19.989999771118164,18.110000610351562,18.229999542236328,30786600,0.0,0.0
2023-06-26 00:00:00-04:00,18.200000762939453,19.350000381469727,18.059999465942383,19.09000015258789,24497100,0.0,0.0
2023-07-03 00:00:00-04:00,19.040000915527344,19.3700008392334,17.850000381469727,18.65999984741211,16966900,0.0,0.0
2023-07-10 00:00:00-04:00,18.700000762939453,19.84000015258789,18.549999237060547,19.190000534057617,21877400,0.0,0.0
2023-07-17 00:00:00-04:00,18.8799991607666,20.59000015258789,18.690000534057617,19.610000610351562,23622366,0.0,0.0
